order_id,field_1,field_2,field_3,order_string,combination_key
1,name,def,unit,name>def>unit,name+def+unit
2,def,name,unit,def>name>unit,name+def+unit
3,def,unit,name,def>unit>name,name+def+unit
4,name,unit,def,name>unit>def,name+def+unit
5,unit,def,name,unit>def>name,name+def+unit
6,unit,name,def,unit>name>def,name+def+unit
7,class,def,phylum,class>def>phylum,def+class+phylum
8,class,phylum,def,class>phylum>def,def+class+phylum
9,def,class,phylum,def>class>phylum,def+class+phylum
10,def,phylum,class,def>phylum>class,def+class+phylum
11,phylum,class,def,phylum>class>def,def+class+phylum
12,phylum,def,class,phylum>def>class,def+class+phylum
13,class,def,family,class>def>family,def+family+class
14,class,family,def,class>family>def,def+family+class
15,def,class,family,def>class>family,def+family+class
16,def,family,class,def>family>class,def+family+class
17,family,class,def,family>class>def,def+family+class
18,family,def,class,family>def>class,def+family+class
19,def,family,phylum,def>family>phylum,def+family+phylum
20,def,phylum,family,def>phylum>family,def+family+phylum
21,family,def,phylum,family>def>phylum,def+family+phylum
22,family,phylum,def,family>phylum>def,def+family+phylum
23,phylum,def,family,phylum>def>family,def+family+phylum
24,phylum,family,def,phylum>family>def,def+family+phylum
25,def,family,stage,def>family>stage,def+family+stage
26,def,stage,family,def>stage>family,def+family+stage
27,family,def,stage,family>def>stage,def+family+stage
28,family,stage,def,family>stage>def,def+family+stage
29,stage,def,family,stage>def>family,def+family+stage
30,stage,family,def,stage>family>def,def+family+stage
31,class,def,order,class>def>order,def+order+class
32,class,order,def,class>order>def,def+order+class
33,def,class,order,def>class>order,def+order+class
34,def,order,class,def>order>class,def+order+class
35,order,class,def,order>class>def,def+order+class
36,order,def,class,order>def>class,def+order+class
37,def,family,order,def>family>order,def+order+family
38,def,order,family,def>order>family,def+order+family
39,family,def,order,family>def>order,def+order+family
40,family,order,def,family>order>def,def+order+family
41,order,def,family,order>def>family,def+order+family
42,order,family,def,order>family>def,def+order+family
43,def,order,phylum,def>order>phylum,def+order+phylum
44,def,phylum,order,def>phylum>order,def+order+phylum
45,order,def,phylum,order>def>phylum,def+order+phylum
46,order,phylum,def,order>phylum>def,def+order+phylum
47,phylum,def,order,phylum>def>order,def+order+phylum
48,phylum,order,def,phylum>order>def,def+order+phylum
49,def,order,stage,def>order>stage,def+order+stage
50,def,stage,order,def>stage>order,def+order+stage
51,order,def,stage,order>def>stage,def+order+stage
52,order,stage,def,order>stage>def,def+order+stage
53,stage,def,order,stage>def>order,def+order+stage
54,stage,order,def,stage>order>def,def+order+stage
55,class,def,stage,class>def>stage,def+stage+class
56,class,stage,def,class>stage>def,def+stage+class
57,def,class,stage,def>class>stage,def+stage+class
58,def,stage,class,def>stage>class,def+stage+class
59,stage,class,def,stage>class>def,def+stage+class
60,stage,def,class,stage>def>class,def+stage+class
61,def,phylum,stage,def>phylum>stage,def+stage+phylum
62,def,stage,phylum,def>stage>phylum,def+stage+phylum
63,phylum,def,stage,phylum>def>stage,def+stage+phylum
64,phylum,stage,def,phylum>stage>def,def+stage+phylum
65,stage,def,phylum,stage>def>phylum,def+stage+phylum
66,stage,phylum,def,stage>phylum>def,def+stage+phylum
67,class,def,unit,class>def>unit,def+unit+class
68,class,unit,def,class>unit>def,def+unit+class
69,def,class,unit,def>class>unit,def+unit+class
70,def,unit,class,def>unit>class,def+unit+class
71,unit,class,def,unit>class>def,def+unit+class
72,unit,def,class,unit>def>class,def+unit+class
73,def,family,unit,def>family>unit,def+unit+family
74,def,unit,family,def>unit>family,def+unit+family
75,family,def,unit,family>def>unit,def+unit+family
76,family,unit,def,family>unit>def,def+unit+family
77,unit,def,family,unit>def>family,def+unit+family
78,unit,family,def,unit>family>def,def+unit+family
79,def,order,unit,def>order>unit,def+unit+order
80,def,unit,order,def>unit>order,def+unit+order
81,order,def,unit,order>def>unit,def+unit+order
82,order,unit,def,order>unit>def,def+unit+order
83,unit,def,order,unit>def>order,def+unit+order
84,unit,order,def,unit>order>def,def+unit+order
85,def,phylum,unit,def>phylum>unit,def+unit+phylum
86,def,unit,phylum,def>unit>phylum,def+unit+phylum
87,phylum,def,unit,phylum>def>unit,def+unit+phylum
88,phylum,unit,def,phylum>unit>def,def+unit+phylum
89,unit,def,phylum,unit>def>phylum,def+unit+phylum
90,unit,phylum,def,unit>phylum>def,def+unit+phylum
91,def,stage,unit,def>stage>unit,def+unit+stage
92,def,unit,stage,def>unit>stage,def+unit+stage
93,stage,def,unit,stage>def>unit,def+unit+stage
94,stage,unit,def,stage>unit>def,def+unit+stage
95,unit,def,stage,unit>def>stage,def+unit+stage
96,unit,stage,def,unit>stage>def,def+unit+stage
97,class,family,phylum,class>family>phylum,family+class+phylum
98,class,phylum,family,class>phylum>family,family+class+phylum
99,family,class,phylum,family>class>phylum,family+class+phylum
100,family,phylum,class,family>phylum>class,family+class+phylum
101,phylum,class,family,phylum>class>family,family+class+phylum
102,phylum,family,class,phylum>family>class,family+class+phylum
103,class,family,stage,class>family>stage,family+stage+class
104,class,stage,family,class>stage>family,family+stage+class
105,family,class,stage,family>class>stage,family+stage+class
106,family,stage,class,family>stage>class,family+stage+class
107,stage,class,family,stage>class>family,family+stage+class
108,stage,family,class,stage>family>class,family+stage+class
109,family,phylum,stage,family>phylum>stage,family+stage+phylum
110,family,stage,phylum,family>stage>phylum,family+stage+phylum
111,phylum,family,stage,phylum>family>stage,family+stage+phylum
112,phylum,stage,family,phylum>stage>family,family+stage+phylum
113,stage,family,phylum,stage>family>phylum,family+stage+phylum
114,stage,phylum,family,stage>phylum>family,family+stage+phylum
115,class,name,phylum,class>name>phylum,name+class+phylum
116,class,phylum,name,class>phylum>name,name+class+phylum
117,name,class,phylum,name>class>phylum,name+class+phylum
118,name,phylum,class,name>phylum>class,name+class+phylum
119,phylum,class,name,phylum>class>name,name+class+phylum
120,phylum,name,class,phylum>name>class,name+class+phylum
121,class,def,name,class>def>name,name+def+class
122,class,name,def,class>name>def,name+def+class
123,def,class,name,def>class>name,name+def+class
124,def,name,class,def>name>class,name+def+class
125,name,class,def,name>class>def,name+def+class
126,name,def,class,name>def>class,name+def+class
127,def,family,name,def>family>name,name+def+family
128,def,name,family,def>name>family,name+def+family
129,family,def,name,family>def>name,name+def+family
130,family,name,def,family>name>def,name+def+family
131,name,def,family,name>def>family,name+def+family
132,name,family,def,name>family>def,name+def+family
133,def,name,order,def>name>order,name+def+order
134,def,order,name,def>order>name,name+def+order
135,name,def,order,name>def>order,name+def+order
136,name,order,def,name>order>def,name+def+order
137,order,def,name,order>def>name,name+def+order
138,order,name,def,order>name>def,name+def+order
139,def,name,phylum,def>name>phylum,name+def+phylum
140,def,phylum,name,def>phylum>name,name+def+phylum
141,name,def,phylum,name>def>phylum,name+def+phylum
142,name,phylum,def,name>phylum>def,name+def+phylum
143,phylum,def,name,phylum>def>name,name+def+phylum
144,phylum,name,def,phylum>name>def,name+def+phylum
145,def,name,stage,def>name>stage,name+def+stage
146,def,stage,name,def>stage>name,name+def+stage
147,name,def,stage,name>def>stage,name+def+stage
148,name,stage,def,name>stage>def,name+def+stage
149,stage,def,name,stage>def>name,name+def+stage
150,stage,name,def,stage>name>def,name+def+stage
151,class,family,name,class>family>name,name+family+class
152,class,name,family,class>name>family,name+family+class
153,family,class,name,family>class>name,name+family+class
154,family,name,class,family>name>class,name+family+class
155,name,class,family,name>class>family,name+family+class
156,name,family,class,name>family>class,name+family+class
157,family,name,phylum,family>name>phylum,name+family+phylum
158,family,phylum,name,family>phylum>name,name+family+phylum
159,name,family,phylum,name>family>phylum,name+family+phylum
160,name,phylum,family,name>phylum>family,name+family+phylum
161,phylum,family,name,phylum>family>name,name+family+phylum
162,phylum,name,family,phylum>name>family,name+family+phylum
163,family,name,stage,family>name>stage,name+family+stage
164,family,stage,name,family>stage>name,name+family+stage
165,name,family,stage,name>family>stage,name+family+stage
166,name,stage,family,name>stage>family,name+family+stage
167,stage,family,name,stage>family>name,name+family+stage
168,stage,name,family,stage>name>family,name+family+stage
169,class,name,order,class>name>order,name+order+class
170,class,order,name,class>order>name,name+order+class
171,name,class,order,name>class>order,name+order+class
172,name,order,class,name>order>class,name+order+class
173,order,class,name,order>class>name,name+order+class
174,order,name,class,order>name>class,name+order+class
175,family,name,order,family>name>order,name+order+family
176,family,order,name,family>order>name,name+order+family
177,name,family,order,name>family>order,name+order+family
178,name,order,family,name>order>family,name+order+family
179,order,family,name,order>family>name,name+order+family
180,order,name,family,order>name>family,name+order+family
181,name,order,phylum,name>order>phylum,name+order+phylum
182,name,phylum,order,name>phylum>order,name+order+phylum
183,order,name,phylum,order>name>phylum,name+order+phylum
184,order,phylum,name,order>phylum>name,name+order+phylum
185,phylum,name,order,phylum>name>order,name+order+phylum
186,phylum,order,name,phylum>order>name,name+order+phylum
187,name,order,stage,name>order>stage,name+order+stage
188,name,stage,order,name>stage>order,name+order+stage
189,order,name,stage,order>name>stage,name+order+stage
190,order,stage,name,order>stage>name,name+order+stage
191,stage,name,order,stage>name>order,name+order+stage
192,stage,order,name,stage>order>name,name+order+stage
193,class,name,stage,class>name>stage,name+stage+class
194,class,stage,name,class>stage>name,name+stage+class
195,name,class,stage,name>class>stage,name+stage+class
196,name,stage,class,name>stage>class,name+stage+class
197,stage,class,name,stage>class>name,name+stage+class
198,stage,name,class,stage>name>class,name+stage+class
199,name,phylum,stage,name>phylum>stage,name+stage+phylum
200,name,stage,phylum,name>stage>phylum,name+stage+phylum
201,phylum,name,stage,phylum>name>stage,name+stage+phylum
202,phylum,stage,name,phylum>stage>name,name+stage+phylum
203,stage,name,phylum,stage>name>phylum,name+stage+phylum
204,stage,phylum,name,stage>phylum>name,name+stage+phylum
205,class,name,unit,class>name>unit,name+unit+class
206,class,unit,name,class>unit>name,name+unit+class
207,name,class,unit,name>class>unit,name+unit+class
208,name,unit,class,name>unit>class,name+unit+class
209,unit,class,name,unit>class>name,name+unit+class
210,unit,name,class,unit>name>class,name+unit+class
211,family,name,unit,family>name>unit,name+unit+family
212,family,unit,name,family>unit>name,name+unit+family
213,name,family,unit,name>family>unit,name+unit+family
214,name,unit,family,name>unit>family,name+unit+family
215,unit,family,name,unit>family>name,name+unit+family
216,unit,name,family,unit>name>family,name+unit+family
217,name,order,unit,name>order>unit,name+unit+order
218,name,unit,order,name>unit>order,name+unit+order
219,order,name,unit,order>name>unit,name+unit+order
220,order,unit,name,order>unit>name,name+unit+order
221,unit,name,order,unit>name>order,name+unit+order
222,unit,order,name,unit>order>name,name+unit+order
223,name,phylum,unit,name>phylum>unit,name+unit+phylum
224,name,unit,phylum,name>unit>phylum,name+unit+phylum
225,phylum,name,unit,phylum>name>unit,name+unit+phylum
226,phylum,unit,name,phylum>unit>name,name+unit+phylum
227,unit,name,phylum,unit>name>phylum,name+unit+phylum
228,unit,phylum,name,unit>phylum>name,name+unit+phylum
229,name,stage,unit,name>stage>unit,name+unit+stage
230,name,unit,stage,name>unit>stage,name+unit+stage
231,stage,name,unit,stage>name>unit,name+unit+stage
232,stage,unit,name,stage>unit>name,name+unit+stage
233,unit,name,stage,unit>name>stage,name+unit+stage
234,unit,stage,name,unit>stage>name,name+unit+stage
235,class,order,phylum,class>order>phylum,order+class+phylum
236,class,phylum,order,class>phylum>order,order+class+phylum
237,order,class,phylum,order>class>phylum,order+class+phylum
238,order,phylum,class,order>phylum>class,order+class+phylum
239,phylum,class,order,phylum>class>order,order+class+phylum
240,phylum,order,class,phylum>order>class,order+class+phylum
241,class,family,order,class>family>order,order+family+class
242,class,order,family,class>order>family,order+family+class
243,family,class,order,family>class>order,order+family+class
244,family,order,class,family>order>class,order+family+class
245,order,class,family,order>class>family,order+family+class
246,order,family,class,order>family>class,order+family+class
247,family,order,phylum,family>order>phylum,order+family+phylum
248,family,phylum,order,family>phylum>order,order+family+phylum
249,order,family,phylum,order>family>phylum,order+family+phylum
250,order,phylum,family,order>phylum>family,order+family+phylum
251,phylum,family,order,phylum>family>order,order+family+phylum
252,phylum,order,family,phylum>order>family,order+family+phylum
253,family,order,stage,family>order>stage,order+family+stage
254,family,stage,order,family>stage>order,order+family+stage
255,order,family,stage,order>family>stage,order+family+stage
256,order,stage,family,order>stage>family,order+family+stage
257,stage,family,order,stage>family>order,order+family+stage
258,stage,order,family,stage>order>family,order+family+stage
259,class,order,stage,class>order>stage,order+stage+class
260,class,stage,order,class>stage>order,order+stage+class
261,order,class,stage,order>class>stage,order+stage+class
262,order,stage,class,order>stage>class,order+stage+class
263,stage,class,order,stage>class>order,order+stage+class
264,stage,order,class,stage>order>class,order+stage+class
265,order,phylum,stage,order>phylum>stage,order+stage+phylum
266,order,stage,phylum,order>stage>phylum,order+stage+phylum
267,phylum,order,stage,phylum>order>stage,order+stage+phylum
268,phylum,stage,order,phylum>stage>order,order+stage+phylum
269,stage,order,phylum,stage>order>phylum,order+stage+phylum
270,stage,phylum,order,stage>phylum>order,order+stage+phylum
271,class,phylum,stage,class>phylum>stage,stage+class+phylum
272,class,stage,phylum,class>stage>phylum,stage+class+phylum
273,phylum,class,stage,phylum>class>stage,stage+class+phylum
274,phylum,stage,class,phylum>stage>class,stage+class+phylum
275,stage,class,phylum,stage>class>phylum,stage+class+phylum
276,stage,phylum,class,stage>phylum>class,stage+class+phylum
277,class,phylum,unit,class>phylum>unit,unit+class+phylum
278,class,unit,phylum,class>unit>phylum,unit+class+phylum
279,phylum,class,unit,phylum>class>unit,unit+class+phylum
280,phylum,unit,class,phylum>unit>class,unit+class+phylum
281,unit,class,phylum,unit>class>phylum,unit+class+phylum
282,unit,phylum,class,unit>phylum>class,unit+class+phylum
283,class,family,unit,class>family>unit,unit+family+class
284,class,unit,family,class>unit>family,unit+family+class
285,family,class,unit,family>class>unit,unit+family+class
286,family,unit,class,family>unit>class,unit+family+class
287,unit,class,family,unit>class>family,unit+family+class
288,unit,family,class,unit>family>class,unit+family+class
289,family,phylum,unit,family>phylum>unit,unit+family+phylum
290,family,unit,phylum,family>unit>phylum,unit+family+phylum
291,phylum,family,unit,phylum>family>unit,unit+family+phylum
292,phylum,unit,family,phylum>unit>family,unit+family+phylum
293,unit,family,phylum,unit>family>phylum,unit+family+phylum
294,unit,phylum,family,unit>phylum>family,unit+family+phylum
295,family,stage,unit,family>stage>unit,unit+family+stage
296,family,unit,stage,family>unit>stage,unit+family+stage
297,stage,family,unit,stage>family>unit,unit+family+stage
298,stage,unit,family,stage>unit>family,unit+family+stage
299,unit,family,stage,unit>family>stage,unit+family+stage
300,unit,stage,family,unit>stage>family,unit+family+stage
301,class,order,unit,class>order>unit,unit+order+class
302,class,unit,order,class>unit>order,unit+order+class
303,order,class,unit,order>class>unit,unit+order+class
304,order,unit,class,order>unit>class,unit+order+class
305,unit,class,order,unit>class>order,unit+order+class
306,unit,order,class,unit>order>class,unit+order+class
307,family,order,unit,family>order>unit,unit+order+family
308,family,unit,order,family>unit>order,unit+order+family
309,order,family,unit,order>family>unit,unit+order+family
310,order,unit,family,order>unit>family,unit+order+family
311,unit,family,order,unit>family>order,unit+order+family
312,unit,order,family,unit>order>family,unit+order+family
313,order,phylum,unit,order>phylum>unit,unit+order+phylum
314,order,unit,phylum,order>unit>phylum,unit+order+phylum
315,phylum,order,unit,phylum>order>unit,unit+order+phylum
316,phylum,unit,order,phylum>unit>order,unit+order+phylum
317,unit,order,phylum,unit>order>phylum,unit+order+phylum
318,unit,phylum,order,unit>phylum>order,unit+order+phylum
319,order,stage,unit,order>stage>unit,unit+order+stage
320,order,unit,stage,order>unit>stage,unit+order+stage
321,stage,order,unit,stage>order>unit,unit+order+stage
322,stage,unit,order,stage>unit>order,unit+order+stage
323,unit,order,stage,unit>order>stage,unit+order+stage
324,unit,stage,order,unit>stage>order,unit+order+stage
325,class,stage,unit,class>stage>unit,unit+stage+class
326,class,unit,stage,class>unit>stage,unit+stage+class
327,stage,class,unit,stage>class>unit,unit+stage+class
328,stage,unit,class,stage>unit>class,unit+stage+class
329,unit,class,stage,unit>class>stage,unit+stage+class
330,unit,stage,class,unit>stage>class,unit+stage+class
331,phylum,stage,unit,phylum>stage>unit,unit+stage+phylum
332,phylum,unit,stage,phylum>unit>stage,unit+stage+phylum
333,stage,phylum,unit,stage>phylum>unit,unit+stage+phylum
334,stage,unit,phylum,stage>unit>phylum,unit+stage+phylum
335,unit,phylum,stage,unit>phylum>stage,unit+stage+phylum
336,unit,stage,phylum,unit>stage>phylum,unit+stage+phylum
