combination_key,n_orders,n_degenerate_orders,mean_dominant_share_across_orders,sd_dominant_share_across_orders,min_dominant_share_across_orders,max_dominant_share_across_orders,mean_dominant_purity_across_orders,min_dominant_purity_across_orders,mean_balanced_score_across_orders,min_balanced_score_across_orders,mean_noise_rate_across_orders,best_order_by_share,best_order_by_balanced_score,eligible,fieldset_share_rank,fieldset_balanced_rank
name+class+phylum,6,0,0.5864670951557609,0.027449819891449692,0.5337045054419517,0.6068624840805615,0.8791857007726572,0.8615612648221344,0.6761199589593148,0.638019805686606,0.2411424439624006,phylum>name>class,name>phylum>class,TRUE,1,1
name+unit+phylum,6,0,0.5658708712378009,0.05410601095379236,0.5208105477337902,0.6555161357851458,0.9679472922407705,0.9553418803418803,0.6661005204415001,0.6284659984338508,0.34417932031814896,unit>phylum>name,unit>phylum>name,TRUE,3,2
name+unit+class,6,0,0.5280871261158205,0.03662142888301413,0.4772729918734223,0.5898444948961449,0.9617026346928308,0.947572525513702,0.6452760854422986,0.6039096360173145,0.2982646420824295,unit>class>name,unit>class>name,TRUE,5,3
name+unit+order,6,0,0.5252883827076797,0.021071048592334024,0.48845481594764234,0.5483831719054101,0.828409513165663,0.747020202020202,0.609105061519724,0.5740889770244001,0.2899493853940709,unit>name>order,order>name>unit,TRUE,6,4
name+order+class,6,0,0.49830132964171703,0.017934292691879704,0.47635634053496323,0.5251929418421527,0.8679996553366118,0.8295382395382396,0.6042954413860633,0.5780655043592461,0.2631959508315257,name>class>order,name>class>order,TRUE,9,5
name+def+class,6,0,0.5828592426755985,0.07273264782308535,0.4675205450535436,0.6952504296277611,0.7282259921960144,0.390892670547843,0.6009435378820634,0.3804884272136819,0.3481561822125814,name>def>class,name>def>class,TRUE,2,6
name+unit+stage,6,0,0.49712925693521104,0.025824367425522323,0.47024570941572374,0.5295762775404096,0.8890489914674697,0.849047619047619,0.599798366478094,0.5775590987959409,0.3626174981923355,unit>name>stage,name>unit>stage,TRUE,10,7
name+order+phylum,6,0,0.4925465952693356,0.023864309762393583,0.46086614445653185,0.5301107397305389,0.8632844344400409,0.8409323133007344,0.5993858120810767,0.5667743685566201,0.28054953000723065,name>phylum>order,name>phylum>order,TRUE,12,8
name+family+class,6,0,0.4815665801863793,0.01527830961524645,0.46598379151535535,0.5082060137375776,0.850311251928899,0.8277777777777777,0.5873546450175354,0.5718315105422032,0.3004338394793926,name>class>family,name>class>family,TRUE,13,9
name+order+family,6,0,0.4715006760469458,0.011944216071539195,0.45392496798594356,0.48181385687483247,0.8675316085416704,0.842130467571644,0.5838477159678528,0.5731261790590775,0.27584960231381056,order>name>family,family>name>order,TRUE,15,10
name+stage+phylum,6,0,0.4941934666507837,0.06290165254252478,0.42825220156855737,0.5859165269610033,0.8207861011537482,0.769981684981685,0.5795499800604631,0.5294462427117907,0.3362255965292842,name>phylum>stage,name>phylum>stage,TRUE,11,11
name+family+phylum,6,0,0.4716376376692015,0.02838180214442265,0.44079148382304767,0.5042060137375776,0.8491084087194768,0.8291542770954535,0.5788799504772036,0.5517744451565635,0.2960954446854664,name>phylum>family,name>family>phylum,TRUE,14,12
name+stage+class,6,0,0.5042816288074538,0.051604442316931565,0.44639940666698197,0.5880419099472184,0.7980724603178836,0.7336441336441336,0.5771611519048758,0.5247226459609515,0.2841648590021692,name>class>stage,name>stage>class,TRUE,8,13
name+unit+family,6,0,0.4496218005651291,0.02940249646030827,0.4202178287199808,0.4975393470709109,0.8622817841200194,0.7979924242424242,0.5570968799884284,0.5192312895696558,0.3543022415039769,name>unit>family,name>unit>family,TRUE,16,14
name+def+order,6,0,0.5369060610068501,0.05754603953655233,0.49017852369215353,0.650544693549715,0.6567004362938974,0.2917096771527967,0.5418097942620967,0.3112608469812526,0.36514822848879247,name>def>order,name>def>order,TRUE,4,15
name+def+family,6,0,0.5080094935618609,0.04925188183462172,0.4510244392941667,0.5909594030232481,0.6629707653084985,0.4130629229213658,0.5391193705149885,0.38879339796010326,0.3828633405639913,name>def>family,name>def>family,TRUE,7,16
name+order+stage,6,0,0.44151601345145103,0.03460301933838807,0.4022642241386861,0.4998913317672285,0.7790936466497612,0.7345532245532246,0.5308672844537686,0.4885171936599672,0.33007953723788863,name>order>stage,name>order>stage,TRUE,17,17
name+family+stage,6,0,0.4323696280471747,0.026716748451099056,0.39559755747201947,0.45850140669150713,0.7927615273777554,0.7305361305361305,0.5254079424265452,0.48385185899463257,0.3615328994938539,family>stage>name,name>stage>family,TRUE,18,18
def+unit+stage,6,0,0.35017126644278723,0.029867418517242922,0.31928835949639395,0.4028016267169782,0.6860531584892451,0.641015120145555,0.4391631079131616,0.41208191823843743,0.5404916847433117,unit>def>stage,unit>def>stage,TRUE,23,19
unit+stage+class,6,0,0.371144252009747,0.02554810621637672,0.32889940403928924,0.3959380810485545,0.5813550023914306,0.5500907245489288,0.4273695013394333,0.403789238975972,0.20571221981200288,stage>class>unit,unit>stage>class,TRUE,20,20
def+unit+class,6,0,0.403632802276633,0.022983454559581305,0.38026201862858966,0.444942757465713,0.6091650239436063,0.535182791065144,0.42666731185464485,0.38384862100174716,0.4689081706435286,unit>def>class,unit>def>class,TRUE,19,21
def+unit+phylum,6,0,0.34232117456113154,0.016796301500922563,0.31408050724980424,0.3650844680586431,0.6492273786155365,0.6256287572077046,0.4264004603293645,0.40189344795101994,0.5285610990600145,unit>def>phylum,unit>def>phylum,TRUE,24,22
def+stage+class,6,0,0.31800302753997156,0.06594134013177329,0.24513092479017873,0.4057760829159682,0.6731460540835541,0.5974206349206349,0.40184929795700147,0.32065089870199326,0.5383224873463485,stage>def>class,stage>class>def,TRUE,29,23
unit+stage+phylum,6,0,0.361728057013925,0.03769904171886084,0.315995260518216,0.4214708842886748,0.5437637134826036,0.470944669365722,0.39622318493717457,0.3653384240596793,0.27042660882140274,unit>stage>phylum,unit>stage>phylum,TRUE,21,24
unit+order+stage,6,0,0.333740694756118,0.01830748920198949,0.31290445972009817,0.3587785914866259,0.5978169624785757,0.5408175523307103,0.3932918549298449,0.3635482765196575,0.24837310195227766,unit>order>stage,stage>order>unit,TRUE,25,25
unit+class+phylum,6,0,0.35586310698972107,0.0179897136513403,0.335770224037082,0.3747621850491291,0.4892917963077701,0.45048613232107276,0.3581933101112871,0.3250038066745154,0.1695589298626175,unit>class>phylum,unit>class>phylum,TRUE,22,26
unit+family+stage,6,0,0.30448331050160315,0.013296290406720925,0.29350296578919244,0.32945534674157345,0.5176848025527959,0.49830190341059905,0.34443577440011724,0.33296829697686925,0.2635574837310195,stage>family>unit,stage>family>unit,TRUE,33,27
def+order+class,6,0,0.31174520825632734,0.026390290587795254,0.2716312742733116,0.3458833751136477,0.4942100824230458,0.41141467870191273,0.3440866445688933,0.29661137788060976,0.5039768618944325,order>def>class,order>def>class,TRUE,30,28
def+unit+family,6,0,0.32432070931353574,0.051568436796268484,0.23189612818235486,0.37026784947875335,0.49852989756909727,0.431037296037296,0.34389054993872603,0.3055086360570718,0.48698481561822127,def>unit>family,unit>family>def,TRUE,27,29
def+unit+order,6,0,0.32128984297492186,0.06327053310357485,0.24349841024589947,0.3974306735827539,0.5011749152388989,0.30184937611408197,0.3382603666217465,0.21990907571193397,0.5086767895878526,unit>order>def,unit>def>order,TRUE,28,30
def+family+stage,6,0,0.2697941335591981,0.037031213512592025,0.22551470632030174,0.31705222977245934,0.557636334331687,0.4319308335953604,0.3299197193070844,0.2938434697730114,0.519884309472162,stage>family>def,stage>family>def,TRUE,46,31
def+order+stage,6,0,0.2749035235315723,0.02932425913851395,0.22633932885224134,0.30600094772117725,0.5235463919105026,0.3463805930911194,0.32703536929765714,0.25975326271601923,0.5285610990600145,def>stage>order,def>order>stage,TRUE,44,32
unit+order+class,6,0,0.3299493085956501,0.018607467025479912,0.3044245396720289,0.35567915696610103,0.44460480906890054,0.38813422017051047,0.32570381693464845,0.3097498004393948,0.1970354302241504,class>unit>order,order>class>unit,TRUE,26,33
def+class+phylum,6,0,0.258005729100062,0.01479415321532557,0.24039347859218735,0.2739862878234471,0.5705497538651587,0.49507575757575756,0.32492133166969117,0.2950747391400619,0.5535068691250904,class>phylum>def,class>phylum>def,TRUE,47,34
def+order+phylum,6,0,0.2839852087176334,0.02195904579657052,0.24384549517117668,0.30788875137296945,0.5043369617292031,0.40428434592227697,0.32258909970517313,0.28654997735327864,0.5216919739696313,phylum>def>order,order>phylum>def,TRUE,42,35
def+order+family,6,0,0.29403681368315515,0.03454855040070031,0.24478337301149353,0.3381235558638715,0.47225948938738876,0.3924297924297924,0.32158890574214427,0.2850749178274984,0.47107736804049166,family>order>def,family>def>order,TRUE,38,36
unit+order+phylum,6,0,0.31028934590304746,0.04484963364372216,0.26175679302365096,0.37619730030849113,0.4395487306393623,0.3402394864368659,0.30985708823617925,0.28571749381999334,0.21619667389732466,phylum>unit>order,unit>phylum>order,TRUE,31,37
def+stage+phylum,6,0,0.2245098977885922,0.01833297435780787,0.20535314701240096,0.2555693001403188,0.5777657924863807,0.5161624649859944,0.3080985937757067,0.2803538766350818,0.6109906001446131,stage>def>phylum,stage>def>phylum,TRUE,53,38
def+family+class,6,0,0.30181720586921446,0.016629946909256194,0.2855615002724041,0.3309677293056059,0.4202979998186424,0.32123917748917746,0.307871353355544,0.2641433396186345,0.4689081706435286,family>def>class,family>def>class,TRUE,34,39
def+family+phylum,6,0,0.27468562065226343,0.016925187548490706,0.25652435695979453,0.29686171767018255,0.42755203642143574,0.2863034188034188,0.3000641614685903,0.25870277257589375,0.5050614605929139,phylum>family>def,phylum>family>def,TRUE,45,40
unit+family+phylum,6,0,0.2892950517918237,0.05545580933078255,0.2432185776124083,0.39799303486247534,0.4094027673574867,0.3828388704318937,0.29514447763281443,0.26361502488198096,0.23029645697758494,family>phylum>unit,family>phylum>unit,TRUE,40,41
unit+family+class,6,0,0.30139237262551466,0.04057015627993482,0.26513918975970624,0.36414507929500756,0.3920321147848251,0.34726680672268906,0.2846305355898725,0.2600969658019977,0.22740419378163412,unit>family>class,unit>class>family,TRUE,35,42
unit+order+family,6,0,0.29442462010862297,0.027455986472744286,0.25295161716969466,0.3148187592735656,0.3975762173439122,0.3601439163673206,0.28356332371401555,0.267188074650379,0.22306579898770787,unit>order>family,order>unit>family,TRUE,37,43
order+stage+class,6,0,0.228416756884117,0.026687711867718653,0.19443365075861488,0.258507239293466,0.29148254640358806,0.2753328109182715,0.2302449279114786,0.2233053447932924,0.12292118582791034,order>stage>class,class>order>stage,TRUE,52,44
order+stage+phylum,6,0,0.23906365410454364,0.03678725970994651,0.20348913974595467,0.3086173886690386,0.28425569591512984,0.22701007326007325,0.22808093458753836,0.21438147837390342,0.14244396240057844,stage>phylum>order,phylum>order>stage,TRUE,49,45
family+stage+phylum,6,0,0.23131756250551086,0.04611438188634345,0.18423409151027514,0.3199424211210438,0.2953150460074985,0.23941345334854464,0.2250730845000891,0.20294967062167454,0.11171366594360087,family>phylum>stage,family>phylum>stage,TRUE,51,46
order+family+stage,6,0,0.2323584736375267,0.04378697804790908,0.1770588699519833,0.29213076800451265,0.2752528177995167,0.22782073270420727,0.2208414585993587,0.20010014039264992,0.11641359363702097,order>family>stage,family>stage>order,TRUE,50,47
family+stage+class,6,0,0.2562574119912714,0.040564393958141924,0.2055588471786463,0.30899470870274315,0.24188827782873887,0.20442384004884007,0.21984068654648342,0.21057733429801107,0.10773680404916847,stage>family>class,class>stage>family,TRUE,48,48
stage+class+phylum,6,0,0.2921914989468791,0.04368230554761592,0.23718895300459145,0.347664643343266,0.20431133433620519,0.18041424018542662,0.2150343310192304,0.1995389523629951,0.07122198120028922,class>stage>phylum,class>stage>phylum,TRUE,39,49
order+class+phylum,6,0,0.28453442481849944,0.040853292873296844,0.2346413777518512,0.34049810543354303,0.1470581368697696,0.11974296536796536,0.1643395480702162,0.1454015150457572,0.03253796095444685,order>class>phylum,order>phylum>class,TRUE,41,50
family+class+phylum,6,0,0.3048087689317962,0.04929373738654761,0.2231962045606235,0.3494757323817582,0.14056958202091302,0.13260591623490328,0.16117515962642442,0.1497747662555096,0.038684020245842374,class>phylum>family,family>phylum>class,TRUE,32,51
order+family+phylum,6,0,0.27846808813164625,0.030462272883083397,0.22843610852721324,0.3118156323192191,0.1504746433389831,0.1350770119368502,0.15663946910925802,0.15146607303949255,0.04772234273318872,phylum>order>family,order>phylum>family,TRUE,43,52
order+family+class,6,0,0.2980974710501253,0.03792348327271543,0.23614611285414727,0.346648280700648,0.11169659506894832,0.08222222222222222,0.1294679930671321,0.10390625807897216,0.049168474331164135,order>family>class,class>order>family,TRUE,36,53
name+def+phylum,6,1,0.7202392266057976,0.14324305243388402,0.6172784233142913,0.9933333333333333,0.6085308346477054,0.06333333333333334,0.54716082979821,0.11624608397739478,0.2874186550976139,phylum>def>name,name>def>phylum,FALSE,NA,NA
name+def+stage,6,3,0.7698339673371954,0.2538027789523339,0.45478006649814395,1,0.39226053152723067,0.06180555555555555,0.3522491881009266,0.1137170487823554,0.2346348517715112,stage>def>name,name>def>stage,FALSE,NA,NA
name+def+unit,6,1,0.7211242796472351,0.15783582450351333,0.5741930784821746,0.9958333333333333,0.6592944807457192,0.06333333333333334,0.5815290578235306,0.11625540364188686,0.3138105567606652,unit>def>name,name>def>unit,FALSE,NA,NA
