trait_category,OriginalTraitName,OriginalTraitDef,OriginalTraitUnits,n_distinct_units,include,inclusion_basis,audit_status,audit_note
Development time,Development time,Mean time from engorgement to moulting,days,1,TRUE,exact target name,provisional; expert review pending,Name family and definitions manually inspected; name-matched curation inconsistencies retained.
Development time,development duration,period at 4th instar,days,1,TRUE,explicit name variant or semantic synonym,provisional; expert review pending,Name family and definitions manually inspected; name-matched curation inconsistencies retained.
Development time,development time,duration of life stage,days,1,TRUE,exact target name,provisional; expert review pending,Name family and definitions manually inspected; name-matched curation inconsistencies retained.
Development time,development time,individual-level duration of life stage,days,1,TRUE,exact target name,provisional; expert review pending,Name family and definitions manually inspected; name-matched curation inconsistencies retained.
Development time,development time,mean duration for 50 percent of eggs to hatch,days,1,TRUE,exact target name,provisional; expert review pending,Name family and definitions manually inspected; name-matched curation inconsistencies retained.
Development time,development time,mean duration for egg development,days,1,TRUE,exact target name,provisional; expert review pending,Name family and definitions manually inspected; name-matched curation inconsistencies retained.
Development time,development time,mean duration from when eggs were deposited to hatch,days,1,TRUE,exact target name,provisional; expert review pending,Name family and definitions manually inspected; name-matched curation inconsistencies retained.
Development time,development time,mean duration of attachment period,days,1,TRUE,exact target name,provisional; expert review pending,Name family and definitions manually inspected; name-matched curation inconsistencies retained.
Development time,development time,mean duration of incubation period,days,1,TRUE,exact target name,provisional; expert review pending,Name family and definitions manually inspected; name-matched curation inconsistencies retained.
Development time,development time,mean duration of juvenile stages and from adult emergence to the onset of reproduction,days,1,TRUE,exact target name,provisional; expert review pending,Name family and definitions manually inspected; name-matched curation inconsistencies retained.
Development time,development time,mean duration of larval attachment developmental phase,days,1,TRUE,exact target name,provisional; expert review pending,Name family and definitions manually inspected; name-matched curation inconsistencies retained.
Development time,development time,mean duration of life cycle,days,1,TRUE,exact target name,provisional; expert review pending,Name family and definitions manually inspected; name-matched curation inconsistencies retained.
Development time,development time,mean duration of life cycle (egg-to-egg),days,1,TRUE,exact target name,provisional; expert review pending,Name family and definitions manually inspected; name-matched curation inconsistencies retained.
Development time,development time,mean duration of life stage,0 = did not survive life stage; 1 = survived life stage; days; days-1; hours; percent; progeny individual-1; progeny individual-1 day-1,8,TRUE,exact target name,provisional; expert review pending,Name family and definitions manually inspected; name-matched curation inconsistencies retained.
Development time,development time,mean duration of life stage (across all humidity levels),days,1,TRUE,exact target name,provisional; expert review pending,Name family and definitions manually inspected; name-matched curation inconsistencies retained.
Development time,development time,mean duration of life stage as a function of rearing food type (secondstressor) and temperature,days,1,TRUE,exact target name,provisional; expert review pending,Name family and definitions manually inspected; name-matched curation inconsistencies retained.
Development time,development time,mean duration of premoulting period,days,1,TRUE,exact target name,provisional; expert review pending,Name family and definitions manually inspected; name-matched curation inconsistencies retained.
Development time,development time,mean duration period from aphid birth to its first reproduction,days,1,TRUE,exact target name,provisional; expert review pending,Name family and definitions manually inspected; name-matched curation inconsistencies retained.
Development time,development time,mean nymphal development time,days,1,TRUE,exact target name,provisional; expert review pending,Name family and definitions manually inspected; name-matched curation inconsistencies retained.
Development time,development time,mean time to complete nymphal devlopment,days,1,TRUE,exact target name,provisional; expert review pending,Name family and definitions manually inspected; name-matched curation inconsistencies retained.
Development time,development time,median duration for egg development,days,1,TRUE,exact target name,provisional; expert review pending,Name family and definitions manually inspected; name-matched curation inconsistencies retained.
Development time,development time,median duration of life stage,days,1,TRUE,exact target name,provisional; expert review pending,Name family and definitions manually inspected; name-matched curation inconsistencies retained.
Development time,development time,nymphal development time,days,1,TRUE,exact target name,provisional; expert review pending,Name family and definitions manually inspected; name-matched curation inconsistencies retained.
Development time,developmental time,mean duration of life stage,days,1,TRUE,explicit name variant or semantic synonym,provisional; expert review pending,Name family and definitions manually inspected; name-matched curation inconsistencies retained.
Development time,developmental time,number of days at each developmental stage,days,1,TRUE,explicit name variant or semantic synonym,provisional; expert review pending,Name family and definitions manually inspected; name-matched curation inconsistencies retained.
Development rate,Development Rate,Percent of emerging females who develop on day X after attatchment (premolt period),percent,1,TRUE,exact target name,provisional; expert review pending,Name family and definitions manually inspected; name-matched curation inconsistencies retained.
Development rate,Development Rate,Percent of emerging males who develop on day X after attatchment (premolt period),percent,1,TRUE,exact target name,provisional; expert review pending,Name family and definitions manually inspected; name-matched curation inconsistencies retained.
Development rate,Development Rate,percent of immature stages remaining x days after attatchment,percent,1,TRUE,exact target name,provisional; expert review pending,Name family and definitions manually inspected; name-matched curation inconsistencies retained.
Development rate,Development Rate (Egg),1 / time for egg incubation across const temps,days-1,1,TRUE,explicit name variant or semantic synonym,provisional; expert review pending,Name family and definitions manually inspected; name-matched curation inconsistencies retained.
Development rate,Development Rate (Larva),1 / development time of Engorged Larva,days-1,1,TRUE,explicit name variant or semantic synonym,provisional; expert review pending,Name family and definitions manually inspected; name-matched curation inconsistencies retained.
Development rate,Development Rate (Nymph),1 / development time of Engorged Nymph,days-1,1,TRUE,explicit name variant or semantic synonym,provisional; expert review pending,Name family and definitions manually inspected; name-matched curation inconsistencies retained.
Development rate,development rate,individual-level rate of life stage completion,days; days-1,2,TRUE,exact target name,provisional; expert review pending,Name family and definitions manually inspected; name-matched curation inconsistencies retained.
Development rate,development rate,inverse of the mean duration of life stage,days-1,1,TRUE,exact target name,provisional; expert review pending,Name family and definitions manually inspected; name-matched curation inconsistencies retained.
Development rate,development rate,mean development rate per day,percent day-1,1,TRUE,exact target name,provisional; expert review pending,Name family and definitions manually inspected; name-matched curation inconsistencies retained.
Development rate,development rate,mean duration of life stage,days; days-1,2,TRUE,exact target name,provisional; expert review pending,Name family and definitions manually inspected; name-matched curation inconsistencies retained.
Development rate,development rate,mean rate of life stage completion,days-1,1,TRUE,exact target name,provisional; expert review pending,Name family and definitions manually inspected; name-matched curation inconsistencies retained.
Development rate,development rate,rate of life stage completion,days-1,1,TRUE,exact target name,provisional; expert review pending,Name family and definitions manually inspected; name-matched curation inconsistencies retained.
Development rate,development rate,replicate-level mean rate of life stage completion,days-1,1,TRUE,exact target name,provisional; expert review pending,Name family and definitions manually inspected; name-matched curation inconsistencies retained.
Longevity / lifespan,Longevity,"sum of all life stage periods in study (pre-reproductive, reproductive, and post-reproductive)",days,1,TRUE,exact target name,provisional; expert review pending,Name family and definitions manually inspected; name-matched curation inconsistencies retained.
Longevity / lifespan,adult longevity,lifespan of adult aphids,days,1,TRUE,explicit name variant or semantic synonym,provisional; expert review pending,Name family and definitions manually inspected; name-matched curation inconsistencies retained.
Longevity / lifespan,adult longevity,lifespan over time,days,1,TRUE,explicit name variant or semantic synonym,provisional; expert review pending,Name family and definitions manually inspected; name-matched curation inconsistencies retained.
Longevity / lifespan,adult longevity,period from adult emergence until death,days,1,TRUE,explicit name variant or semantic synonym,provisional; expert review pending,Name family and definitions manually inspected; name-matched curation inconsistencies retained.
Longevity / lifespan,aphid longevity,lifespan of aphids,days,1,TRUE,explicit name variant or semantic synonym,provisional; expert review pending,Name family and definitions manually inspected; name-matched curation inconsistencies retained.
Longevity / lifespan,juvenile life span,individual-level duration from hatching to death or adult eclosion,days,1,TRUE,explicit name variant or semantic synonym,provisional; expert review pending,Name family and definitions manually inspected; name-matched curation inconsistencies retained.
Longevity / lifespan,lifespan,mean duration of entire life,days,1,TRUE,explicit name variant or semantic synonym,provisional; expert review pending,Name family and definitions manually inspected; name-matched curation inconsistencies retained.
Longevity / lifespan,lifespan,mean duration of entrie lifespan (from egg to adult death),days,1,TRUE,explicit name variant or semantic synonym,provisional; expert review pending,Name family and definitions manually inspected; name-matched curation inconsistencies retained.
Longevity / lifespan,longevity,adult aphid survival,days,1,TRUE,exact target name,provisional; expert review pending,Name family and definitions manually inspected; name-matched curation inconsistencies retained.
Longevity / lifespan,longevity,aphid lifespan,days,1,TRUE,exact target name,provisional; expert review pending,Name family and definitions manually inspected; name-matched curation inconsistencies retained.
Longevity / lifespan,longevity,duration for 50% mortality,days,1,TRUE,exact target name,provisional; expert review pending,Name family and definitions manually inspected; name-matched curation inconsistencies retained.
Longevity / lifespan,longevity,individual-level duration of adult female life stage,days,1,TRUE,exact target name,provisional; expert review pending,Name family and definitions manually inspected; name-matched curation inconsistencies retained.
Longevity / lifespan,longevity,individual-level duration of life stage,days,1,TRUE,exact target name,provisional; expert review pending,Name family and definitions manually inspected; name-matched curation inconsistencies retained.
Longevity / lifespan,longevity,lifespan of aphids,days,1,TRUE,exact target name,provisional; expert review pending,Name family and definitions manually inspected; name-matched curation inconsistencies retained.
Longevity / lifespan,longevity,mean duration of adult lifespan as a function of temperature and the number of instars completed prior to reproductive adulthood (secondstressor),days,1,TRUE,exact target name,provisional; expert review pending,Name family and definitions manually inspected; name-matched curation inconsistencies retained.
Longevity / lifespan,longevity,mean duration of life,days,1,TRUE,exact target name,provisional; expert review pending,Name family and definitions manually inspected; name-matched curation inconsistencies retained.
Longevity / lifespan,longevity,mean duration of life stage,days; hours; mg; progeny individual-1 day-1,4,TRUE,exact target name,provisional; expert review pending,Name family and definitions manually inspected; name-matched curation inconsistencies retained.
Longevity / lifespan,longevity,mean duration of life stage as a function of body size,days,1,TRUE,exact target name,provisional; expert review pending,Name family and definitions manually inspected; name-matched curation inconsistencies retained.
Longevity / lifespan,longevity,mean duration of life stage as a function of rearing food type (secondstressor) and temperature,days,1,TRUE,exact target name,provisional; expert review pending,Name family and definitions manually inspected; name-matched curation inconsistencies retained.
Longevity / lifespan,longevity,mean rate of life stage completion,days,1,TRUE,exact target name,provisional; expert review pending,Name family and definitions manually inspected; name-matched curation inconsistencies retained.
Longevity / lifespan,longevity,median adult lifespan,days,1,TRUE,exact target name,provisional; expert review pending,Name family and definitions manually inspected; name-matched curation inconsistencies retained.
Longevity / lifespan,longevity,median duration of life stage,days,1,TRUE,exact target name,provisional; expert review pending,Name family and definitions manually inspected; name-matched curation inconsistencies retained.
Longevity / lifespan,longevity,percent not surviving life stage,days,1,TRUE,exact target name,provisional; expert review pending,Name family and definitions manually inspected; name-matched curation inconsistencies retained.
Longevity / lifespan,longevity (alate),mean duration of life stage,days,1,TRUE,explicit name variant or semantic synonym,provisional; expert review pending,Name family and definitions manually inspected; name-matched curation inconsistencies retained.
Longevity / lifespan,longevity (apterous),mean duration of life stage,days,1,TRUE,explicit name variant or semantic synonym,provisional; expert review pending,Name family and definitions manually inspected; name-matched curation inconsistencies retained.
Longevity / lifespan,survival time,average number of days unfed nymphs survived,days; percent,2,TRUE,explicit name variant or semantic synonym,provisional; expert review pending,Name family and definitions manually inspected; name-matched curation inconsistencies retained.
Longevity / lifespan,survival time,mean survival time of fasting larvae,days,1,TRUE,explicit name variant or semantic synonym,provisional; expert review pending,Name family and definitions manually inspected; name-matched curation inconsistencies retained.
Longevity / lifespan,survival time,mean survival time of fasting nymphs,days,1,TRUE,explicit name variant or semantic synonym,provisional; expert review pending,Name family and definitions manually inspected; name-matched curation inconsistencies retained.
Longevity / lifespan,survival time,mean survival time of larvae post hatch,days,1,TRUE,explicit name variant or semantic synonym,provisional; expert review pending,Name family and definitions manually inspected; name-matched curation inconsistencies retained.
Longevity / lifespan,survival time,mean time for egg survival,days,1,TRUE,explicit name variant or semantic synonym,provisional; expert review pending,Name family and definitions manually inspected; name-matched curation inconsistencies retained.
Longevity / lifespan,survival time,mean time for engorged adult survival,days,1,TRUE,explicit name variant or semantic synonym,provisional; expert review pending,Name family and definitions manually inspected; name-matched curation inconsistencies retained.
Longevity / lifespan,survival time,mean time for engorged nymph survival,days,1,TRUE,explicit name variant or semantic synonym,provisional; expert review pending,Name family and definitions manually inspected; name-matched curation inconsistencies retained.
Longevity / lifespan,survival time,mean time for unfed adult survival,days,1,TRUE,explicit name variant or semantic synonym,provisional; expert review pending,Name family and definitions manually inspected; name-matched curation inconsistencies retained.
Longevity / lifespan,survival time,mean time for unfed larva survival,days,1,TRUE,explicit name variant or semantic synonym,provisional; expert review pending,Name family and definitions manually inspected; name-matched curation inconsistencies retained.
Survival proportion,survival,cumulative daily survival,lx,1,TRUE,exact target name,provisional; expert review pending,Name family and definitions manually inspected; name-matched curation inconsistencies retained.
Survival proportion,survival,individual-level binomial survival,0 = did not survive life stage; 1 = survived life stage,2,TRUE,exact target name,provisional; expert review pending,Name family and definitions manually inspected; name-matched curation inconsistencies retained.
Survival proportion,survival,percent surviving life stage,%; 0 = did not survive life stage; 1 = survived life stage; days; percent,5,TRUE,exact target name,provisional; expert review pending,Name family and definitions manually inspected; name-matched curation inconsistencies retained.
Survival proportion,survival,percent surviving life stage (across all humidity levels),percent,1,TRUE,exact target name,provisional; expert review pending,Name family and definitions manually inspected; name-matched curation inconsistencies retained.
Survival proportion,survival,percentage of individuals surviving life stage (emergence rate),individuals; percent,2,TRUE,exact target name,provisional; expert review pending,Name family and definitions manually inspected; name-matched curation inconsistencies retained.
Survival proportion,survival,probability of survival after exposure to extreme temperatures,probability,1,TRUE,exact target name,provisional; expert review pending,Name family and definitions manually inspected; name-matched curation inconsistencies retained.
Survival proportion,survival,proportion of individuals surviving life stage (emergence rate),individuals; proportion,2,TRUE,exact target name,provisional; expert review pending,Name family and definitions manually inspected; name-matched curation inconsistencies retained.
Survival proportion,survival,proportion surviving life stage,days; proportion,2,TRUE,exact target name,provisional; expert review pending,Name family and definitions manually inspected; name-matched curation inconsistencies retained.
Survival proportion,survival rate,mean percentage surviving life stage,percent,1,TRUE,explicit name variant or semantic synonym,provisional; expert review pending,Name family and definitions manually inspected; name-matched curation inconsistencies retained.
Survival proportion,survival rate,percent surviving life stage,percent,1,TRUE,explicit name variant or semantic synonym,provisional; expert review pending,Name family and definitions manually inspected; name-matched curation inconsistencies retained.
Survival proportion,survival rate,percent surviving to oviposition,percent,1,TRUE,explicit name variant or semantic synonym,provisional; expert review pending,Name family and definitions manually inspected; name-matched curation inconsistencies retained.
Survival proportion,survival rate,percentage of larval ticks that molted following engorgement,percent,1,TRUE,explicit name variant or semantic synonym,provisional; expert review pending,Name family and definitions manually inspected; name-matched curation inconsistencies retained.
Survival proportion,survival rate,percentage of starved larval ticks that survived to the days listed,percent,1,TRUE,explicit name variant or semantic synonym,provisional; expert review pending,Name family and definitions manually inspected; name-matched curation inconsistencies retained.
Survival proportion,survival rate,percentage of ticks that survived adult engorgement,percent,1,TRUE,explicit name variant or semantic synonym,provisional; expert review pending,Name family and definitions manually inspected; name-matched curation inconsistencies retained.
Survival proportion,survival rate,percentage of ticks that survived at 17 degrees celcius,percent,1,TRUE,explicit name variant or semantic synonym,provisional; expert review pending,Name family and definitions manually inspected; name-matched curation inconsistencies retained.
Survival proportion,survival rate,percentage of ticks that survived at 24 degrees celcius,percent,1,TRUE,explicit name variant or semantic synonym,provisional; expert review pending,Name family and definitions manually inspected; name-matched curation inconsistencies retained.
Survival proportion,survival rate,percentage of ticks that survived at 30 degrees celcius,percent,1,TRUE,explicit name variant or semantic synonym,provisional; expert review pending,Name family and definitions manually inspected; name-matched curation inconsistencies retained.
Survival proportion,survival rate,percentage of ticks that survived at 5 degrees celcius,percent,1,TRUE,explicit name variant or semantic synonym,provisional; expert review pending,Name family and definitions manually inspected; name-matched curation inconsistencies retained.
Survival proportion,survival rate,percentage of ticks that survived the adult stage,percent,1,TRUE,explicit name variant or semantic synonym,provisional; expert review pending,Name family and definitions manually inspected; name-matched curation inconsistencies retained.
Survival proportion,survival rate,percentage of ticks that survived the larval moult,percent,1,TRUE,explicit name variant or semantic synonym,provisional; expert review pending,Name family and definitions manually inspected; name-matched curation inconsistencies retained.
Survival proportion,survival rate,percentage of ticks that survived the larval stage,percent,1,TRUE,explicit name variant or semantic synonym,provisional; expert review pending,Name family and definitions manually inspected; name-matched curation inconsistencies retained.
Survival proportion,survival rate,percentage of ticks that survived the nymphal moult,percent,1,TRUE,explicit name variant or semantic synonym,provisional; expert review pending,Name family and definitions manually inspected; name-matched curation inconsistencies retained.
Survival proportion,survival rate,percentage of ticks that survived the nymphal stage,percent,1,TRUE,explicit name variant or semantic synonym,provisional; expert review pending,Name family and definitions manually inspected; name-matched curation inconsistencies retained.
Survival proportion,survival rate,percentage of unfed adults that survive,percent,1,TRUE,explicit name variant or semantic synonym,provisional; expert review pending,Name family and definitions manually inspected; name-matched curation inconsistencies retained.
Pre-oviposition interval,Pre-Oviposition Period,Pre-oviposition period of ticks held at constant temperature,days,1,TRUE,explicit name variant or semantic synonym,provisional; expert review pending,Name family and definitions manually inspected; name-matched curation inconsistencies retained.
Pre-oviposition interval,age at first reproduction,mean age at first reproduction,days,1,TRUE,explicit name variant or semantic synonym,provisional; expert review pending,Name family and definitions manually inspected; name-matched curation inconsistencies retained.
Pre-oviposition interval,age at first reproduction,mean age at the onset of reproduction,days; progeny individual-1,2,TRUE,explicit name variant or semantic synonym,provisional; expert review pending,Name family and definitions manually inspected; name-matched curation inconsistencies retained.
Pre-oviposition interval,age at first reproduction,mean duration from birth to onset of reproduction,days,1,TRUE,explicit name variant or semantic synonym,provisional; expert review pending,Name family and definitions manually inspected; name-matched curation inconsistencies retained.
Pre-oviposition interval,age at first reproduction,mean duration of life stage,days,1,TRUE,explicit name variant or semantic synonym,provisional; expert review pending,Name family and definitions manually inspected; name-matched curation inconsistencies retained.
Pre-oviposition interval,pre-oviposition period,mean duration from adult emergence to onset of reproduction,days,1,TRUE,explicit name variant or semantic synonym,provisional; expert review pending,Name family and definitions manually inspected; name-matched curation inconsistencies retained.
Pre-oviposition interval,pre-reproductive period,mean duration from adult emergence to onset of reproduction,days; hours; percent; progeny individual-1,4,TRUE,explicit name variant or semantic synonym,provisional; expert review pending,Name family and definitions manually inspected; name-matched curation inconsistencies retained.
Pre-oviposition interval,pre-reproductive period,mean duration of life stage,days; hours,2,TRUE,explicit name variant or semantic synonym,provisional; expert review pending,Name family and definitions manually inspected; name-matched curation inconsistencies retained.
Pre-oviposition interval,pre-reproductive period,mean duration to production of first larva,days,1,TRUE,explicit name variant or semantic synonym,provisional; expert review pending,Name family and definitions manually inspected; name-matched curation inconsistencies retained.
Pre-oviposition interval,pre-reproductive period,mean rate of life stage completion,days,1,TRUE,explicit name variant or semantic synonym,provisional; expert review pending,Name family and definitions manually inspected; name-matched curation inconsistencies retained.
Pre-oviposition interval,pre-reproductive period,period of time before female aphids reproduce,days,1,TRUE,explicit name variant or semantic synonym,provisional; expert review pending,Name family and definitions manually inspected; name-matched curation inconsistencies retained.
Pre-oviposition interval,preoviposition period,Mean Pre-Oviposition Period,days,1,TRUE,exact target name,provisional; expert review pending,Name family and definitions manually inspected; name-matched curation inconsistencies retained.
Pre-oviposition interval,preoviposition period,individual-level duration of prereproductive period (end of feeding until oviposition),days,1,TRUE,exact target name,provisional; expert review pending,Name family and definitions manually inspected; name-matched curation inconsistencies retained.
Pre-oviposition interval,preoviposition period,mean Preoviposition Period in days at adult female state at const temps,days,1,TRUE,exact target name,provisional; expert review pending,Name family and definitions manually inspected; name-matched curation inconsistencies retained.
Pre-oviposition interval,preoviposition period,mean days in preoviposition,days,1,TRUE,exact target name,provisional; expert review pending,Name family and definitions manually inspected; name-matched curation inconsistencies retained.
Pre-oviposition interval,preoviposition period,mean duration from adult emergence to onset of reproduction,days,1,TRUE,exact target name,provisional; expert review pending,Name family and definitions manually inspected; name-matched curation inconsistencies retained.
Pre-oviposition interval,preoviposition period,mean duration of life stage,days,1,TRUE,exact target name,provisional; expert review pending,Name family and definitions manually inspected; name-matched curation inconsistencies retained.
Pre-oviposition interval,preoviposition period,mean duration of period before oviposition,days,1,TRUE,exact target name,provisional; expert review pending,Name family and definitions manually inspected; name-matched curation inconsistencies retained.
Pre-oviposition interval,preoviposition period,mean duration of prereproductive period (end of feeding until oviposition),days,1,TRUE,exact target name,provisional; expert review pending,Name family and definitions manually inspected; name-matched curation inconsistencies retained.
Pre-oviposition interval,preoviposition period,mean time required for an engorged female tick to begin laying eggs,days,1,TRUE,exact target name,provisional; expert review pending,Name family and definitions manually inspected; name-matched curation inconsistencies retained.
Pre-oviposition interval,preoviposition period,mean time until onset of oviposition,days,1,TRUE,exact target name,provisional; expert review pending,Name family and definitions manually inspected; name-matched curation inconsistencies retained.
Egg-hatching success,egg hatch,Mean percentage of eggs hatched,percent,1,TRUE,explicit name variant or semantic synonym,provisional; expert review pending,Name family and definitions manually inspected; name-matched curation inconsistencies retained.
Egg-hatching success,egg viability,mean percentage of viable eggs produced per female,eggs individual-1,1,TRUE,explicit name variant or semantic synonym,provisional; expert review pending,Name family and definitions manually inspected; name-matched curation inconsistencies retained.
Egg-hatching success,hatch rate,mean hatching rate of egg batches,percent,1,TRUE,explicit name variant or semantic synonym,provisional; expert review pending,Name family and definitions manually inspected; name-matched curation inconsistencies retained.
Egg-hatching success,hatch rate,percentage of egg masses producing larvae,percent,1,TRUE,explicit name variant or semantic synonym,provisional; expert review pending,Name family and definitions manually inspected; name-matched curation inconsistencies retained.
Egg-hatching success,hatch rate,percentage of unfertilized eggs that were subsequently fertilized,percent,1,TRUE,explicit name variant or semantic synonym,provisional; expert review pending,Name family and definitions manually inspected; name-matched curation inconsistencies retained.
Egg-hatching success,hatch ratio,hatching ratio of eggs,percent,1,TRUE,explicit name variant or semantic synonym,provisional; expert review pending,Name family and definitions manually inspected; name-matched curation inconsistencies retained.
Egg-hatching success,hatchability,mean percentage of eggs hatching,percent,1,TRUE,exact target name,provisional; expert review pending,Name family and definitions manually inspected; name-matched curation inconsistencies retained.
Egg-hatching success,hatchability,percent of eggs successfully hatching based on the day of oviposition during which it was laid,percent,1,TRUE,exact target name,provisional; expert review pending,Name family and definitions manually inspected; name-matched curation inconsistencies retained.
Egg-hatching success,hatchability,percent surviving life stage,percent,1,TRUE,exact target name,provisional; expert review pending,Name family and definitions manually inspected; name-matched curation inconsistencies retained.
Egg-hatching success,hatchability,the percent of laid eggs that successfully hatched,percent,1,TRUE,exact target name,provisional; expert review pending,Name family and definitions manually inspected; name-matched curation inconsistencies retained.
Egg-hatching success,hatching rate,mean duration of life stage,percent,1,TRUE,explicit name variant or semantic synonym,provisional; expert review pending,Name family and definitions manually inspected; name-matched curation inconsistencies retained.
Egg-hatching success,hatching rate,percent surviving life stage,percent,1,TRUE,explicit name variant or semantic synonym,provisional; expert review pending,Name family and definitions manually inspected; name-matched curation inconsistencies retained.
Egg-hatching success,larval hatch rate,percentage of unfertilized eggs that were subsequently fertilized,percent,1,TRUE,explicit name variant or semantic synonym,provisional; expert review pending,Name family and definitions manually inspected; name-matched curation inconsistencies retained.
Egg incubation period,Incubation Period,Incubation period of ticks held at constant temperature,days,1,TRUE,exact target name,provisional; expert review pending,Name family and definitions manually inspected; name-matched curation inconsistencies retained.
Egg incubation period,incubation period,Mean Incubation Period,days,1,TRUE,exact target name,provisional; expert review pending,Name family and definitions manually inspected; name-matched curation inconsistencies retained.
Egg incubation period,incubation period,mean Incubation Period in days from egg to larvae at constant temps,days,1,TRUE,exact target name,provisional; expert review pending,Name family and definitions manually inspected; name-matched curation inconsistencies retained.
Egg incubation period,incubation period,mean duration from oviposition to hatching,days,1,TRUE,exact target name,provisional; expert review pending,Name family and definitions manually inspected; name-matched curation inconsistencies retained.
Egg incubation period,incubation period,mean duration of egg incubation period (lay to hatching),days,1,TRUE,exact target name,provisional; expert review pending,Name family and definitions manually inspected; name-matched curation inconsistencies retained.
Egg incubation period,incubation period,mean egg incubation period,days,1,TRUE,exact target name,provisional; expert review pending,Name family and definitions manually inspected; name-matched curation inconsistencies retained.
Egg incubation period,incubation period,mean time required for an egg to hatch (from time of completion of egg deposition to eclosion of first larva),days,1,TRUE,exact target name,provisional; expert review pending,Name family and definitions manually inspected; name-matched curation inconsistencies retained.
Egg incubation period,incubation period,median time from oviposition to hatching,days,1,TRUE,exact target name,provisional; expert review pending,Name family and definitions manually inspected; name-matched curation inconsistencies retained.
Egg incubation period,incubation period,time from start of oviposition until first eggs hatched,days,1,TRUE,exact target name,provisional; expert review pending,Name family and definitions manually inspected; name-matched curation inconsistencies retained.
