trait_category,version,n_concepts,n_noise,n_non_noise,n_clusters_occupied,dominant_n,dominant_cluster_ids,representative_dominant_cluster,dominant_cluster_tie,dominant_cluster_purity,dominant_cluster_purity_min,dominant_cluster_purity_max,dominant_share,non_noise_share,version_number,field_added
Body mass / weight,V1,41,4,37,4,17,19,19,FALSE,0.7391304347826086,0.7391304347826086,0.7391304347826086,0.4146341463414634,0.9024390243902439,1,name
Body mass / weight,V2,41,3,38,2,32,4,4,FALSE,0.6956521739130435,0.6956521739130435,0.6956521739130435,0.7804878048780488,0.926829268292683,2,+ definition
Body mass / weight,V3,41,2,39,3,31,7,7,FALSE,1,1,1,0.7560975609756098,0.9512195121951219,3,+ unit
Body mass / weight,V4,41,0,41,3,21,7,7,FALSE,0.75,0.75,0.75,0.5121951219512195,1,4,+ order
Body mass / weight,V5,41,0,41,3,21,6,6,FALSE,0.6363636363636364,0.6363636363636364,0.6363636363636364,0.5121951219512195,1,5,+ family
Body mass / weight,V6,41,0,41,3,21,7,7,FALSE,0.65625,0.65625,0.65625,0.5121951219512195,1,6,+ stage
Body mass / weight,V7,41,0,41,3,21,7,7,FALSE,0.7,0.7,0.7,0.5121951219512195,1,7,+ class
Body mass / weight,V8,41,0,41,3,21,7,7,FALSE,0.65625,0.65625,0.65625,0.5121951219512195,1,8,+ phylum
Development rate,V1,13,1,12,1,12,6,6,FALSE,0.75,0.75,0.75,0.9230769230769231,0.9230769230769231,1,name
Development rate,V2,13,7,6,1,6,15,15,FALSE,0.21428571428571427,0.21428571428571427,0.21428571428571427,0.46153846153846156,0.46153846153846156,2,+ definition
Development rate,V3,13,6,7,1,7,15,15,FALSE,0.22580645161290322,0.22580645161290322,0.22580645161290322,0.5384615384615384,0.5384615384615384,3,+ unit
Development rate,V4,13,1,12,2,6,12;13,12,TRUE,0.603448275862069,0.20689655172413793,1,0.46153846153846156,0.9230769230769231,4,+ order
Development rate,V5,13,1,12,2,6,13;15,13,TRUE,0.6071428571428572,0.21428571428571427,1,0.46153846153846156,0.9230769230769231,5,+ family
Development rate,V6,13,7,6,1,6,15,15,FALSE,0.21428571428571427,0.21428571428571427,0.21428571428571427,0.46153846153846156,0.46153846153846156,6,+ stage
Development rate,V7,13,2,11,2,6,18,18,FALSE,0.2222222222222222,0.2222222222222222,0.2222222222222222,0.46153846153846156,0.8461538461538461,7,+ class
Development rate,V8,13,2,11,2,6,18,18,FALSE,0.2222222222222222,0.2222222222222222,0.2222222222222222,0.46153846153846156,0.8461538461538461,8,+ phylum
Development time,V1,25,2,23,3,12,7,7,FALSE,1,1,1,0.48,0.92,1,name
Development time,V2,25,3,22,1,22,15,15,FALSE,0.7857142857142857,0.7857142857142857,0.7857142857142857,0.88,0.88,2,+ definition
Development time,V3,25,1,24,1,24,15,15,FALSE,0.7741935483870968,0.7741935483870968,0.7741935483870968,0.96,0.96,3,+ unit
Development time,V4,25,2,23,1,23,12,12,FALSE,0.7931034482758621,0.7931034482758621,0.7931034482758621,0.92,0.92,4,+ order
Development time,V5,25,3,22,1,22,15,15,FALSE,0.7857142857142857,0.7857142857142857,0.7857142857142857,0.88,0.88,5,+ family
Development time,V6,25,3,22,1,22,15,15,FALSE,0.7857142857142857,0.7857142857142857,0.7857142857142857,0.88,0.88,6,+ stage
Development time,V7,25,4,21,1,21,18,18,FALSE,0.7777777777777778,0.7777777777777778,0.7777777777777778,0.84,0.84,7,+ class
Development time,V8,25,4,21,1,21,18,18,FALSE,0.7777777777777778,0.7777777777777778,0.7777777777777778,0.84,0.84,8,+ phylum
Egg incubation period,V1,9,0,9,1,9,4,4,FALSE,0.9,0.9,0.9,1,1,1,name
Egg incubation period,V2,9,1,8,1,8,9,9,FALSE,1,1,1,0.8888888888888888,0.8888888888888888,2,+ definition
Egg incubation period,V3,9,1,8,1,8,11,11,FALSE,1,1,1,0.8888888888888888,0.8888888888888888,3,+ unit
Egg incubation period,V4,9,1,8,1,8,16,16,FALSE,1,1,1,0.8888888888888888,0.8888888888888888,4,+ order
Egg incubation period,V5,9,0,9,1,9,16,16,FALSE,0.9,0.9,0.9,1,1,5,+ family
Egg incubation period,V6,9,0,9,1,9,14,14,FALSE,1,1,1,1,1,6,+ stage
Egg incubation period,V7,9,0,9,1,9,11,11,FALSE,0.9,0.9,0.9,1,1,7,+ class
Egg incubation period,V8,9,0,9,1,9,11,11,FALSE,0.8181818181818182,0.8181818181818182,0.8181818181818182,1,1,8,+ phylum
Egg-hatching success,V1,13,0,13,1,13,21,21,FALSE,0.7222222222222222,0.7222222222222222,0.7222222222222222,1,1,1,name
Egg-hatching success,V2,13,4,9,1,9,12,12,FALSE,1,1,1,0.6923076923076923,0.6923076923076923,2,+ definition
Egg-hatching success,V3,13,1,12,1,12,12,12,FALSE,0.9230769230769231,0.9230769230769231,0.9230769230769231,0.9230769230769231,0.9230769230769231,3,+ unit
Egg-hatching success,V4,13,2,11,1,11,6,6,FALSE,1,1,1,0.8461538461538461,0.8461538461538461,4,+ order
Egg-hatching success,V5,13,2,11,1,11,8,8,FALSE,1,1,1,0.8461538461538461,0.8461538461538461,5,+ family
Egg-hatching success,V6,13,1,12,1,12,4,4,FALSE,1,1,1,0.9230769230769231,0.9230769230769231,6,+ stage
Egg-hatching success,V7,13,1,12,1,12,5,5,FALSE,1,1,1,0.9230769230769231,0.9230769230769231,7,+ class
Egg-hatching success,V8,13,1,12,1,12,5,5,FALSE,1,1,1,0.9230769230769231,0.9230769230769231,8,+ phylum
Fecundity,V1,72,19,53,4,24,30,30,FALSE,1,1,1,0.3333333333333333,0.7361111111111112,1,name
Fecundity,V2,72,10,62,1,62,10,10,FALSE,0.9841269841269841,0.9841269841269841,0.9841269841269841,0.8611111111111112,0.8611111111111112,2,+ definition
Fecundity,V3,72,5,67,1,67,4,4,FALSE,0.9852941176470589,0.9852941176470589,0.9852941176470589,0.9305555555555556,0.9305555555555556,3,+ unit
Fecundity,V4,72,7,65,1,65,4,4,FALSE,0.9848484848484849,0.9848484848484849,0.9848484848484849,0.9027777777777778,0.9027777777777778,4,+ order
Fecundity,V5,72,5,67,2,66,5,5,FALSE,0.9850746268656716,0.9850746268656716,0.9850746268656716,0.9166666666666666,0.9305555555555556,5,+ family
Fecundity,V6,72,4,68,1,68,3,3,FALSE,0.9714285714285714,0.9714285714285714,0.9714285714285714,0.9444444444444444,0.9444444444444444,6,+ stage
Fecundity,V7,72,5,67,1,67,3,3,FALSE,0.9852941176470589,0.9852941176470589,0.9852941176470589,0.9305555555555556,0.9305555555555556,7,+ class
Fecundity,V8,72,5,67,1,67,3,3,FALSE,0.9852941176470589,0.9852941176470589,0.9852941176470589,0.9305555555555556,0.9305555555555556,8,+ phylum
Linear morphometrics,V1,15,4,11,2,6,19,19,FALSE,0.2608695652173913,0.2608695652173913,0.2608695652173913,0.4,0.7333333333333333,1,name
Linear morphometrics,V2,15,6,9,1,9,4,4,FALSE,0.1956521739130435,0.1956521739130435,0.1956521739130435,0.6,0.6,2,+ definition
Linear morphometrics,V3,15,4,11,1,11,6,6,FALSE,1,1,1,0.7333333333333333,0.7333333333333333,3,+ unit
Linear morphometrics,V4,15,7,8,1,8,5,5,FALSE,0.38095238095238093,0.38095238095238093,0.38095238095238093,0.5333333333333333,0.5333333333333333,4,+ order
Linear morphometrics,V5,15,6,9,2,5,3,3,FALSE,0.2777777777777778,0.2777777777777778,0.2777777777777778,0.3333333333333333,0.6,5,+ family
Linear morphometrics,V6,15,6,9,2,5,6,6,FALSE,0.2777777777777778,0.2777777777777778,0.2777777777777778,0.3333333333333333,0.6,6,+ stage
Linear morphometrics,V7,15,9,6,2,4,6,6,FALSE,0.23529411764705882,0.23529411764705882,0.23529411764705882,0.26666666666666666,0.4,7,+ class
Linear morphometrics,V8,15,7,8,2,4,6;7,6,TRUE,0.1801470588235294,0.125,0.23529411764705882,0.26666666666666666,0.5333333333333333,8,+ phylum
Longevity / lifespan,V1,34,2,32,2,23,9,9,FALSE,0.9583333333333334,0.9583333333333334,0.9583333333333334,0.6764705882352942,0.9411764705882353,1,name
Longevity / lifespan,V2,34,5,29,3,15,16,16,FALSE,1,1,1,0.4411764705882353,0.8529411764705882,2,+ definition
Longevity / lifespan,V3,34,3,31,3,17,18,18,FALSE,0.8947368421052632,0.8947368421052632,0.8947368421052632,0.5,0.9117647058823529,3,+ unit
Longevity / lifespan,V4,34,5,29,2,20,14,14,FALSE,0.9523809523809523,0.9523809523809523,0.9523809523809523,0.5882352941176471,0.8529411764705882,4,+ order
Longevity / lifespan,V5,34,6,28,2,19,14,14,FALSE,0.95,0.95,0.95,0.5588235294117647,0.8235294117647058,5,+ family
Longevity / lifespan,V6,34,4,30,2,21,13,13,FALSE,0.9545454545454546,0.9545454545454546,0.9545454545454546,0.6176470588235294,0.8823529411764706,6,+ stage
Longevity / lifespan,V7,34,5,29,2,20,14,14,FALSE,0.9523809523809523,0.9523809523809523,0.9523809523809523,0.5882352941176471,0.8529411764705882,7,+ class
Longevity / lifespan,V8,34,6,28,2,19,17,17,FALSE,0.95,0.95,0.95,0.5588235294117647,0.8235294117647058,8,+ phylum
Pre-oviposition interval,V1,21,4,17,2,12,27,27,FALSE,0.8571428571428571,0.8571428571428571,0.8571428571428571,0.5714285714285714,0.8095238095238095,1,name
Pre-oviposition interval,V2,21,3,18,1,18,17,17,FALSE,0.5294117647058824,0.5294117647058824,0.5294117647058824,0.8571428571428571,0.8571428571428571,2,+ definition
Pre-oviposition interval,V3,21,2,19,1,19,14,14,FALSE,0.48717948717948717,0.48717948717948717,0.48717948717948717,0.9047619047619048,0.9047619047619048,3,+ unit
Pre-oviposition interval,V4,21,4,17,2,10,20,20,FALSE,0.625,0.625,0.625,0.47619047619047616,0.8095238095238095,4,+ order
Pre-oviposition interval,V5,21,4,17,2,9,20,20,FALSE,0.5625,0.5625,0.5625,0.42857142857142855,0.8095238095238095,5,+ family
Pre-oviposition interval,V6,21,3,18,2,11,19,19,FALSE,0.6111111111111112,0.6111111111111112,0.6111111111111112,0.5238095238095238,0.8571428571428571,6,+ stage
Pre-oviposition interval,V7,21,3,18,2,10,20,20,FALSE,0.5882352941176471,0.5882352941176471,0.5882352941176471,0.47619047619047616,0.8571428571428571,7,+ class
Pre-oviposition interval,V8,21,3,18,2,10,20,20,FALSE,0.5882352941176471,0.5882352941176471,0.5882352941176471,0.47619047619047616,0.8571428571428571,8,+ phylum
Survival proportion,V1,24,0,24,2,16,16,16,FALSE,0.9411764705882353,0.9411764705882353,0.9411764705882353,0.6666666666666666,1,1,name
Survival proportion,V2,24,6,18,2,12,14,14,FALSE,1,1,1,0.5,0.75,2,+ definition
Survival proportion,V3,24,6,18,2,12,17,17,FALSE,1,1,1,0.5,0.75,3,+ unit
Survival proportion,V4,24,5,19,2,15,11,11,FALSE,1,1,1,0.625,0.7916666666666666,4,+ order
Survival proportion,V5,24,5,19,2,15,12,12,FALSE,1,1,1,0.625,0.7916666666666666,5,+ family
Survival proportion,V6,24,4,20,2,16,12,12,FALSE,1,1,1,0.6666666666666666,0.8333333333333334,6,+ stage
Survival proportion,V7,24,4,20,2,16,12,12,FALSE,1,1,1,0.6666666666666666,0.8333333333333334,7,+ class
Survival proportion,V8,24,4,20,2,15,14,14,FALSE,1,1,1,0.625,0.8333333333333334,8,+ phylum
