eval,current_sil,best_sil
1,0.19592353465031376,0.19592353465031376
2,0.2457145644866395,0.2457145644866395
3,0.23567216489953505,0.2457145644866395
4,0.23852422138261378,0.2457145644866395
5,0.23852422138261378,0.2457145644866395
6,0.23852422138261378,0.2457145644866395
7,0.22156611409530533,0.2457145644866395
8,0.25107579106702355,0.25107579106702355
9,0.27208212740623455,0.27208212740623455
10,0.2767346847609902,0.2767346847609902
11,0.2767346847609902,0.2767346847609902
12,0.2767346847609902,0.2767346847609902
13,0.24551272107894534,0.2767346847609902
14,0.2811340513507658,0.2811340513507658
15,0.281215414020455,0.281215414020455
16,0.3054188291072877,0.3054188291072877
17,0.3048285864021637,0.3054188291072877
18,0.3048285864021637,0.3054188291072877
19,0.3092258067425014,0.3092258067425014
20,0.3234854545653591,0.3234854545653591
21,0.3031704385790607,0.3234854545653591
22,0.2798203107146966,0.3234854545653591
23,0.2876548674148213,0.3234854545653591
24,0.2977489698574566,0.3234854545653591
25,0.32251746819529237,0.3234854545653591
26,0.2958014823500534,0.3234854545653591
27,0.3657988595632713,0.3657988595632713
28,0.3489261887406848,0.3657988595632713
29,0.3309598606916243,0.3657988595632713
30,0.3309598606916243,0.3657988595632713
31,0.3309598606916243,0.3657988595632713
32,0.3299343057965485,0.3657988595632713
33,0.3299343057965485,0.3657988595632713
34,0.3299343057965485,0.3657988595632713
35,0.33045105968377986,0.3657988595632713
36,0.3362403750141174,0.3657988595632713
37,0.3362403750141174,0.3657988595632713
38,0.3329683901597146,0.3657988595632713
39,0.3185838308197217,0.3657988595632713
40,0.32459558865702975,0.3657988595632713
41,0.32459558865702975,0.3657988595632713
42,0.32459558865702975,0.3657988595632713
43,0.31024929176194893,0.3657988595632713
44,0.31024929176194893,0.3657988595632713
45,0.31024929176194893,0.3657988595632713
46,0.3156540712258918,0.3657988595632713
47,0.3156540712258918,0.3657988595632713
48,0.30898168209394866,0.3657988595632713
49,0.30898168209394866,0.3657988595632713
50,0.30987873262027954,0.3657988595632713
51,0.30987873262027954,0.3657988595632713
52,0.31167407232551575,0.3657988595632713
53,0.30925661481409583,0.3657988595632713
54,0.30925661481409583,0.3657988595632713
55,0.30925661481409583,0.3657988595632713
56,0.2940779582201141,0.3657988595632713
57,0.29053905606731395,0.3657988595632713
58,0.3020626960490791,0.3657988595632713
59,0.3020626960490791,0.3657988595632713
60,0.3020626960490791,0.3657988595632713
61,0.33885605059081214,0.3657988595632713
62,0.33885605059081214,0.3657988595632713
63,0.33885605059081214,0.3657988595632713
64,0.33885605059081214,0.3657988595632713
65,0.33885605059081214,0.3657988595632713
66,0.33885605059081214,0.3657988595632713
67,0.33885605059081214,0.3657988595632713
68,0.34902048712106937,0.3657988595632713
69,0.34902048712106937,0.3657988595632713
70,0.3416934602611243,0.3657988595632713
71,0.3416934602611243,0.3657988595632713
72,0.3416934602611243,0.3657988595632713
73,0.3157311219321081,0.3657988595632713
74,0.3157311219321081,0.3657988595632713
75,0.3153515280451357,0.3657988595632713
76,0.3598510692278228,0.3657988595632713
77,0.3598510692278228,0.3657988595632713
78,0.3598510692278228,0.3657988595632713
79,0.3598510692278228,0.3657988595632713
80,0.34850442282914007,0.3657988595632713
81,0.36300611673600475,0.3657988595632713
82,0.3583266637190308,0.3657988595632713
83,0.3247513668944909,0.3657988595632713
84,0.3107351735319956,0.3657988595632713
85,0.3199259587196534,0.3657988595632713
86,0.3199259587196534,0.3657988595632713
87,0.32096144276748706,0.3657988595632713
88,0.35925362451473347,0.3657988595632713
89,0.35925362451473347,0.3657988595632713
90,0.35925362451473347,0.3657988595632713
91,0.35925362451473347,0.3657988595632713
92,0.35925362451473347,0.3657988595632713
93,0.35925362451473347,0.3657988595632713
94,0.3503107927049229,0.3657988595632713
95,0.3503107927049229,0.3657988595632713
96,0.3503107927049229,0.3657988595632713
97,0.37202959269606317,0.37202959269606317
98,0.3672158724806538,0.37202959269606317
99,0.3672158724806538,0.37202959269606317
100,0.35628466397421266,0.37202959269606317
101,0.35628466397421266,0.37202959269606317
102,0.35628466397421266,0.37202959269606317
103,0.35628466397421266,0.37202959269606317
104,0.35628466397421266,0.37202959269606317
105,0.35628466397421266,0.37202959269606317
106,0.35628466397421266,0.37202959269606317
107,0.35628466397421266,0.37202959269606317
108,0.35628466397421266,0.37202959269606317
109,0.35628466397421266,0.37202959269606317
110,0.35971645634152105,0.37202959269606317
111,0.35971645634152105,0.37202959269606317
112,0.35971645634152105,0.37202959269606317
113,0.33489429557577366,0.37202959269606317
114,0.33489429557577366,0.37202959269606317
115,0.33489429557577366,0.37202959269606317
116,0.33489429557577366,0.37202959269606317
117,0.32813555292331353,0.37202959269606317
118,0.3174677140700119,0.37202959269606317
119,0.2915644412010114,0.37202959269606317
120,0.2915644412010114,0.37202959269606317
121,0.24817295669276865,0.37202959269606317
122,0.24936873954178027,0.37202959269606317
123,0.25738163470096376,0.37202959269606317
124,0.21872915075687352,0.37202959269606317
125,0.2671158583299963,0.37202959269606317
126,0.28809402033385767,0.37202959269606317
127,0.28809402033385767,0.37202959269606317
128,0.28809402033385767,0.37202959269606317
129,0.28809402033385767,0.37202959269606317
130,0.27224709569522587,0.37202959269606317
131,0.27197702057688905,0.37202959269606317
132,0.2628925440175092,0.37202959269606317
133,0.2657263700345977,0.37202959269606317
134,0.2657263700345977,0.37202959269606317
135,0.2657263700345977,0.37202959269606317
136,0.2493007596802547,0.37202959269606317
137,0.2370925368206732,0.37202959269606317
138,0.2370925368206732,0.37202959269606317
139,0.2493007596802547,0.37202959269606317
140,0.286749393667756,0.37202959269606317
141,0.286749393667756,0.37202959269606317
142,0.28974594546171095,0.37202959269606317
143,0.29513386703219796,0.37202959269606317
144,0.28928626482952646,0.37202959269606317
145,0.28158989171637067,0.37202959269606317
146,0.2965852881355292,0.37202959269606317
147,0.2965852881355292,0.37202959269606317
148,0.2965852881355292,0.37202959269606317
149,0.2965852881355292,0.37202959269606317
150,0.2965852881355292,0.37202959269606317
151,0.2965852881355292,0.37202959269606317
152,0.2965852881355292,0.37202959269606317
153,0.34226015262137083,0.37202959269606317
154,0.3540544186280879,0.37202959269606317
155,0.3540544186280879,0.37202959269606317
156,0.3490713222579694,0.37202959269606317
157,0.3595574850276513,0.37202959269606317
158,0.3595574850276513,0.37202959269606317
159,0.3602154965941859,0.37202959269606317
160,0.3602154965941859,0.37202959269606317
161,0.3602154965941859,0.37202959269606317
162,0.3602154965941859,0.37202959269606317
163,0.3595574850276513,0.37202959269606317
164,0.3595574850276513,0.37202959269606317
165,0.3595574850276513,0.37202959269606317
166,0.3595574850276513,0.37202959269606317
167,0.3595574850276513,0.37202959269606317
168,0.3595574850276513,0.37202959269606317
169,0.3703299133032619,0.37202959269606317
170,0.3703299133032619,0.37202959269606317
171,0.3703299133032619,0.37202959269606317
172,0.34645303992276794,0.37202959269606317
173,0.34645303992276794,0.37202959269606317
174,0.3467319770107313,0.37202959269606317
175,0.3467319770107313,0.37202959269606317
176,0.3467319770107313,0.37202959269606317
177,0.35873813367791163,0.37202959269606317
178,0.35190395801617264,0.37202959269606317
179,0.35190395801617264,0.37202959269606317
180,0.35190395801617264,0.37202959269606317
181,0.35190395801617264,0.37202959269606317
182,0.35190395801617264,0.37202959269606317
183,0.35190395801617264,0.37202959269606317
184,0.36184529662352755,0.37202959269606317
185,0.36184529662352755,0.37202959269606317
186,0.36533068702701144,0.37202959269606317
187,0.36533068702701144,0.37202959269606317
188,0.3634169246968112,0.37202959269606317
189,0.3782564429864372,0.3782564429864372
190,0.3782564429864372,0.3782564429864372
191,0.3777860045771934,0.3782564429864372
192,0.3777860045771934,0.3782564429864372
193,0.3777860045771934,0.3782564429864372
194,0.3777860045771934,0.3782564429864372
195,0.3777860045771934,0.3782564429864372
196,0.3777860045771934,0.3782564429864372
197,0.3777860045771934,0.3782564429864372
198,0.3777860045771934,0.3782564429864372
199,0.3777860045771934,0.3782564429864372
200,0.37303161503457116,0.3782564429864372
201,0.3721367205314148,0.3782564429864372
202,0.37514516734331005,0.3782564429864372
203,0.37514516734331005,0.3782564429864372
204,0.3721367205314148,0.3782564429864372
205,0.38374373452601307,0.38374373452601307
206,0.38374373452601307,0.38374373452601307
207,0.38374373452601307,0.38374373452601307
208,0.38374373452601307,0.38374373452601307
209,0.3906214527423358,0.3906214527423358
210,0.3906214527423358,0.3906214527423358
211,0.3906214527423358,0.3906214527423358
212,0.3906214527423358,0.3906214527423358
213,0.3906214527423358,0.3906214527423358
214,0.3906214527423358,0.3906214527423358
215,0.3906214527423358,0.3906214527423358
216,0.3906214527423358,0.3906214527423358
217,0.3906214527423358,0.3906214527423358
218,0.3906214527423358,0.3906214527423358
219,0.3906214527423358,0.3906214527423358
220,0.39527328035858944,0.39527328035858944
221,0.39527328035858944,0.39527328035858944
222,0.39527328035858944,0.39527328035858944
223,0.39527328035858944,0.39527328035858944
224,0.38748555222682207,0.39527328035858944
225,0.38748555222682207,0.39527328035858944
226,0.38748555222682207,0.39527328035858944
227,0.38748555222682207,0.39527328035858944
228,0.38748555222682207,0.39527328035858944
229,0.38748555222682207,0.39527328035858944
230,0.38748555222682207,0.39527328035858944
231,0.38748555222682207,0.39527328035858944
232,0.38748555222682207,0.39527328035858944
233,0.3880186678932317,0.39527328035858944
234,0.3834256565262494,0.39527328035858944
235,0.3834256565262494,0.39527328035858944
236,0.3834256565262494,0.39527328035858944
237,0.38862640855412456,0.39527328035858944
238,0.38862640855412456,0.39527328035858944
239,0.38862640855412456,0.39527328035858944
240,0.38862640855412456,0.39527328035858944
241,0.38862640855412456,0.39527328035858944
242,0.38862640855412456,0.39527328035858944
243,0.38862640855412456,0.39527328035858944
244,0.38862640855412456,0.39527328035858944
245,0.38862640855412456,0.39527328035858944
246,0.38862640855412456,0.39527328035858944
247,0.38862640855412456,0.39527328035858944
248,0.38862640855412456,0.39527328035858944
249,0.38862640855412456,0.39527328035858944
250,0.38862640855412456,0.39527328035858944
251,0.38862640855412456,0.39527328035858944
252,0.38862640855412456,0.39527328035858944
253,0.38538183254971,0.39527328035858944
254,0.38538183254971,0.39527328035858944
255,0.38538183254971,0.39527328035858944
256,0.3843080219592152,0.39527328035858944
257,0.3843080219592152,0.39527328035858944
258,0.3843080219592152,0.39527328035858944
259,0.3843080219592152,0.39527328035858944
260,0.3928310359799954,0.39527328035858944
261,0.3955638088435103,0.3955638088435103
262,0.3955638088435103,0.3955638088435103
263,0.3955638088435103,0.3955638088435103
264,0.3955638088435103,0.3955638088435103
265,0.3955638088435103,0.3955638088435103
266,0.3955638088435103,0.3955638088435103
267,0.3955638088435103,0.3955638088435103
268,0.3955638088435103,0.3955638088435103
269,0.3955638088435103,0.3955638088435103
270,0.3955638088435103,0.3955638088435103
271,0.3955638088435103,0.3955638088435103
272,0.3955638088435103,0.3955638088435103
273,0.3955638088435103,0.3955638088435103
274,0.3955638088435103,0.3955638088435103
275,0.3955638088435103,0.3955638088435103
276,0.3955638088435103,0.3955638088435103
277,0.3955638088435103,0.3955638088435103
278,0.3955638088435103,0.3955638088435103
279,0.3955638088435103,0.3955638088435103
280,0.3955638088435103,0.3955638088435103
281,0.39780695670440724,0.39780695670440724
282,0.39780695670440724,0.39780695670440724
283,0.39780695670440724,0.39780695670440724
284,0.3955638088435103,0.39780695670440724
285,0.3955638088435103,0.39780695670440724
286,0.3955638088435103,0.39780695670440724
287,0.3955638088435103,0.39780695670440724
288,0.3955638088435103,0.39780695670440724
289,0.3955638088435103,0.39780695670440724
290,0.3955638088435103,0.39780695670440724
291,0.3955638088435103,0.39780695670440724
292,0.39456892445933217,0.39780695670440724
293,0.39456892445933217,0.39780695670440724
294,0.39456892445933217,0.39780695670440724
295,0.39456892445933217,0.39780695670440724
296,0.41122243056628005,0.41122243056628005
297,0.41122243056628005,0.41122243056628005
298,0.41122243056628005,0.41122243056628005
299,0.41122243056628005,0.41122243056628005
300,0.41122243056628005,0.41122243056628005
301,0.41122243056628005,0.41122243056628005
302,0.41122243056628005,0.41122243056628005
303,0.41122243056628005,0.41122243056628005
304,0.41122243056628005,0.41122243056628005
305,0.41122243056628005,0.41122243056628005
306,0.41122243056628005,0.41122243056628005
307,0.41122243056628005,0.41122243056628005
308,0.41122243056628005,0.41122243056628005
309,0.41122243056628005,0.41122243056628005
310,0.41122243056628005,0.41122243056628005
311,0.41122243056628005,0.41122243056628005
312,0.41122243056628005,0.41122243056628005
313,0.41122243056628005,0.41122243056628005
314,0.41122243056628005,0.41122243056628005
315,0.41122243056628005,0.41122243056628005
316,0.41122243056628005,0.41122243056628005
317,0.41122243056628005,0.41122243056628005
318,0.41122243056628005,0.41122243056628005
319,0.41122243056628005,0.41122243056628005
320,0.41122243056628005,0.41122243056628005
321,0.41122243056628005,0.41122243056628005
322,0.41122243056628005,0.41122243056628005
323,0.41122243056628005,0.41122243056628005
324,0.41122243056628005,0.41122243056628005
325,0.41122243056628005,0.41122243056628005
326,0.41122243056628005,0.41122243056628005
327,0.41122243056628005,0.41122243056628005
328,0.41122243056628005,0.41122243056628005
329,0.41122243056628005,0.41122243056628005
330,0.41122243056628005,0.41122243056628005
331,0.41122243056628005,0.41122243056628005
332,0.41122243056628005,0.41122243056628005
333,0.41122243056628005,0.41122243056628005
334,0.41122243056628005,0.41122243056628005
335,0.41122243056628005,0.41122243056628005
336,0.41122243056628005,0.41122243056628005
337,0.41122243056628005,0.41122243056628005
338,0.41122243056628005,0.41122243056628005
339,0.41122243056628005,0.41122243056628005
340,0.43493673385166903,0.43493673385166903
341,0.43493673385166903,0.43493673385166903
342,0.43493673385166903,0.43493673385166903
343,0.43493673385166903,0.43493673385166903
344,0.43493673385166903,0.43493673385166903
345,0.43493673385166903,0.43493673385166903
346,0.43493673385166903,0.43493673385166903
347,0.43493673385166903,0.43493673385166903
348,0.43493673385166903,0.43493673385166903
349,0.43493673385166903,0.43493673385166903
350,0.43493673385166903,0.43493673385166903
351,0.43493673385166903,0.43493673385166903
352,0.43493673385166903,0.43493673385166903
353,0.43493673385166903,0.43493673385166903
354,0.43493673385166903,0.43493673385166903
355,0.43493673385166903,0.43493673385166903
356,0.43493673385166903,0.43493673385166903
357,0.43493673385166903,0.43493673385166903
358,0.43493673385166903,0.43493673385166903
359,0.43493673385166903,0.43493673385166903
360,0.43493673385166903,0.43493673385166903
361,0.43493673385166903,0.43493673385166903
362,0.43493673385166903,0.43493673385166903
363,0.43493673385166903,0.43493673385166903
364,0.43493673385166903,0.43493673385166903
365,0.43493673385166903,0.43493673385166903
366,0.43493673385166903,0.43493673385166903
367,0.43493673385166903,0.43493673385166903
368,0.43493673385166903,0.43493673385166903
369,0.43493673385166903,0.43493673385166903
370,0.43493673385166903,0.43493673385166903
371,0.43493673385166903,0.43493673385166903
372,0.43493673385166903,0.43493673385166903
373,0.43493673385166903,0.43493673385166903
374,0.43469375964975576,0.43493673385166903
375,0.43469375964975576,0.43493673385166903
376,0.43469375964975576,0.43493673385166903
377,0.43469375964975576,0.43493673385166903
378,0.43469375964975576,0.43493673385166903
379,0.43469375964975576,0.43493673385166903
380,0.43469375964975576,0.43493673385166903
381,0.43469375964975576,0.43493673385166903
382,0.43469375964975576,0.43493673385166903
383,0.43469375964975576,0.43493673385166903
384,0.43469375964975576,0.43493673385166903
385,0.43469375964975576,0.43493673385166903
386,0.43469375964975576,0.43493673385166903
387,0.43469375964975576,0.43493673385166903
388,0.43469375964975576,0.43493673385166903
389,0.43469375964975576,0.43493673385166903
390,0.43469375964975576,0.43493673385166903
391,0.43469375964975576,0.43493673385166903
392,0.43469375964975576,0.43493673385166903
393,0.43469375964975576,0.43493673385166903
394,0.43469375964975576,0.43493673385166903
395,0.43469375964975576,0.43493673385166903
396,0.43469375964975576,0.43493673385166903
397,0.43469375964975576,0.43493673385166903
398,0.43469375964975576,0.43493673385166903
399,0.43469375964975576,0.43493673385166903
400,0.43469375964975576,0.43493673385166903
