perm_id,order_string,anchor,silhouette,n_clusters,noise_rate,avg_cluster_size,max_cluster_share,ARI_vs_original,degenerate
1,def>family>name>order>stage>unit,,0.2971,20,0.4121,13.55,0.1367,0.5318,FALSE
2,def>family>name>order>unit>stage,,0.2997,19,0.4252,13.95,0.1367,0.5188,FALSE
3,def>family>name>stage>order>unit,,0.3012,20,0.4121,13.55,0.1345,0.5339,FALSE
4,def>family>name>stage>unit>order,,0.2941,20,0.4035,13.75,0.1345,0.5533,FALSE
5,def>family>name>unit>order>stage,,0.2988,21,0.4252,12.62,0.1367,0.5502,FALSE
6,def>family>name>unit>stage>order,,0.2961,20,0.4056,13.7,0.1388,0.5471,FALSE
7,def>family>order>name>stage>unit,,0.3018,19,0.4382,13.63,0.1323,0.487,FALSE
8,def>family>order>name>unit>stage,,0.2955,19,0.4317,13.79,0.1302,0.4974,FALSE
9,def>family>order>stage>name>unit,,0.1313,2,0.0889,210,0.8959,-0.0246,TRUE
10,def>family>order>stage>unit>name,,0.1396,2,0.0781,212.5,0.9046,-0.0232,TRUE
11,def>family>order>unit>name>stage,,0.1311,2,0.0781,212.5,0.9046,-0.0232,TRUE
12,def>family>order>unit>stage>name,,0.1385,2,0.0846,211,0.898,-0.0242,TRUE
13,def>family>stage>name>order>unit,,0.2609,16,0.4469,15.94,0.1106,0.4098,FALSE
14,def>family>stage>name>unit>order,,0.2453,18,0.4837,13.22,0.1041,0.3455,FALSE
15,def>family>stage>order>name>unit,,0.2578,16,0.4469,15.94,0.1041,0.4094,FALSE
16,def>family>stage>order>unit>name,,0.1365,2,0.0716,214,0.9111,-0.0219,TRUE
17,def>family>stage>unit>name>order,,0.1343,2,0.0824,211.5,0.9024,-0.0238,TRUE
18,def>family>stage>unit>order>name,,0.1369,2,0.0889,210,0.8937,-0.0246,TRUE
19,def>family>unit>name>order>stage,,0.2768,17,0.4555,14.76,0.1106,0.4556,FALSE
20,def>family>unit>name>stage>order,,0.1257,2,0.0846,211,0.898,-0.0242,TRUE
21,def>family>unit>order>name>stage,,0.128,2,0.0738,213.5,0.9089,-0.0224,TRUE
22,def>family>unit>order>stage>name,,0.136,2,0.0803,212,0.9024,-0.0236,TRUE
23,def>family>unit>stage>name>order,,0.1344,2,0.0846,211,0.898,-0.0242,TRUE
24,def>family>unit>stage>order>name,,0.1307,2,0.0651,215.5,0.9176,-0.0201,TRUE
25,def>name>family>order>stage>unit,,0.0884,9,0.2148,40.22,0.6334,0.1048,TRUE
26,def>name>family>order>unit>stage,,0.207,14,0.3644,20.93,0.2364,0.4127,FALSE
27,def>name>family>stage>order>unit,,0.2062,14,0.3601,21.07,0.2343,0.415,FALSE
28,def>name>family>stage>unit>order,,0.2064,14,0.3753,20.57,0.2126,0.4264,FALSE
29,def>name>family>unit>order>stage,,0.2175,15,0.3753,19.2,0.2321,0.4103,FALSE
30,def>name>family>unit>stage>order,,0.1849,16,0.423,16.62,0.2191,0.3337,FALSE
31,def>name>order>family>stage>unit,,0.2012,14,0.3644,20.93,0.2256,0.4412,FALSE
32,def>name>order>family>unit>stage,,0.2017,15,0.3492,20,0.2234,0.4164,FALSE
33,def>name>order>stage>family>unit,,0.086,9,0.2148,40.22,0.6269,0.1113,TRUE
34,def>name>order>stage>unit>family,,0.2061,14,0.3818,20.36,0.2148,0.4147,FALSE
35,def>name>order>unit>family>stage,,0.2042,15,0.3601,19.67,0.2299,0.3969,FALSE
36,def>name>order>unit>stage>family,,0.0848,9,0.2213,39.89,0.6247,0.1104,TRUE
37,def>name>stage>family>order>unit,,0.0866,9,0.2321,39.33,0.6269,0.1045,TRUE
38,def>name>stage>family>unit>order,,0.1354,13,0.3709,22.31,0.3601,0.3167,FALSE
39,def>name>stage>order>family>unit,,0.0869,9,0.2278,39.56,0.6182,0.1157,TRUE
40,def>name>stage>order>unit>family,,0.2037,16,0.4534,15.75,0.1996,0.2803,FALSE
41,def>name>stage>unit>family>order,,0.2734,19,0.4859,12.47,0.102,0.3274,FALSE
42,def>name>stage>unit>order>family,,0.2899,20,0.5098,11.3,0.1106,0.319,FALSE
43,def>name>unit>family>order>stage,,0.2113,14,0.3861,20.21,0.2234,0.4174,FALSE
44,def>name>unit>family>stage>order,,0.0873,11,0.2082,33.18,0.6182,0.1053,TRUE
45,def>name>unit>order>family>stage,def_first,0.1819,17,0.4056,16.12,0.2213,0.3529,FALSE
46,def>name>unit>order>stage>family,,0.2686,16,0.4252,16.56,0.115,0.4614,FALSE
47,def>name>unit>stage>family>order,,0.2356,16,0.4729,15.19,0.0998,0.3788,FALSE
48,def>name>unit>stage>order>family,,0.0861,10,0.2148,36.2,0.6269,0.0951,TRUE
49,def>order>family>name>stage>unit,,0.3036,19,0.462,13.05,0.1236,0.4363,FALSE
50,def>order>family>name>unit>stage,,0.2737,19,0.4252,13.95,0.1323,0.5118,FALSE
51,def>order>family>stage>name>unit,,0.1358,2,0.0933,209,0.8937,-0.025,TRUE
52,def>order>family>stage>unit>name,,0.1407,2,0.0868,210.5,0.9002,-0.0243,TRUE
53,def>order>family>unit>name>stage,,0.1314,2,0.0824,211.5,0.9046,-0.0236,TRUE
54,def>order>family>unit>stage>name,,0.137,2,0.0868,210.5,0.9002,-0.0243,TRUE
55,def>order>name>family>stage>unit,,0.2743,21,0.4295,12.52,0.1215,0.4365,FALSE
56,def>order>name>family>unit>stage,,0.2796,19,0.4425,13.53,0.115,0.4449,FALSE
57,def>order>name>stage>family>unit,,0.0801,10,0.1974,37,0.6226,0.1151,TRUE
58,def>order>name>stage>unit>family,,0.3002,19,0.462,13.05,0.1171,0.421,FALSE
59,def>order>name>unit>family>stage,,0.2695,19,0.41,14.32,0.1215,0.4939,FALSE
60,def>order>name>unit>stage>family,,0.2504,18,0.3905,15.61,0.1215,0.5046,FALSE
61,def>order>stage>family>name>unit,,0.2003,17,0.449,14.94,0.0998,0.4002,FALSE
62,def>order>stage>family>unit>name,,0.1375,2,0.0933,209,0.8915,-0.025,TRUE
63,def>order>stage>name>family>unit,,0.1975,16,0.3644,18.31,0.2256,0.4145,FALSE
64,def>order>stage>name>unit>family,,0.1963,15,0.3731,19.27,0.2148,0.4163,FALSE
65,def>order>stage>unit>family>name,,0.1385,2,0.0911,209.5,0.8915,-0.0248,TRUE
66,def>order>stage>unit>name>family,,0.1703,13,0.3753,22.15,0.2126,0.4255,FALSE
67,def>order>unit>family>name>stage,,0.1345,2,0.0954,208.5,0.8915,-0.0252,TRUE
68,def>order>unit>family>stage>name,,0.1396,2,0.0998,207.5,0.8872,-0.0253,TRUE
69,def>order>unit>name>family>stage,,0.2246,17,0.4664,14.47,0.1128,0.4118,FALSE
70,def>order>unit>name>stage>family,,0.2168,17,0.4469,15,0.1106,0.4365,FALSE
71,def>order>unit>stage>family>name,,0.1366,2,0.0824,211.5,0.9002,-0.0239,TRUE
72,def>order>unit>stage>name>family,,0.1346,2,0.1041,206.5,0.8829,-0.0262,TRUE
73,def>stage>family>name>order>unit,,0.2854,19,0.5575,10.74,0.0694,0.2683,FALSE
74,def>stage>family>name>unit>order,,0.2371,16,0.4751,15.12,0.102,0.3326,FALSE
75,def>stage>family>order>name>unit,,0.1338,2,0.0889,210,0.8937,-0.0246,TRUE
76,def>stage>family>order>unit>name,,0.1379,2,0.0651,215.5,0.9176,-0.0201,TRUE
77,def>stage>family>unit>name>order,,0.1354,2,0.0759,213,0.9067,-0.0228,TRUE
78,def>stage>family>unit>order>name,,0.138,2,0.0781,212.5,0.9046,-0.0232,TRUE
79,def>stage>name>family>order>unit,,0.2514,16,0.5119,14.06,0.0976,0.3363,FALSE
80,def>stage>name>family>unit>order,,0.2678,18,0.538,11.83,0.0933,0.3012,FALSE
81,def>stage>name>order>family>unit,,0.1809,15,0.4469,17,0.1996,0.321,FALSE
82,def>stage>name>order>unit>family,,0.1871,16,0.4685,15.31,0.2082,0.2856,FALSE
83,def>stage>name>unit>family>order,,0.2554,17,0.4664,14.47,0.1063,0.3373,FALSE
84,def>stage>name>unit>order>family,,0.2147,14,0.4512,18.07,0.1931,0.3345,FALSE
85,def>stage>order>family>name>unit,,0.1344,2,0.0889,210,0.8959,-0.0246,TRUE
86,def>stage>order>family>unit>name,,0.1354,2,0.0651,215.5,0.9176,-0.0201,TRUE
87,def>stage>order>name>family>unit,,0.2813,18,0.5206,12.28,0.0976,0.3172,FALSE
88,def>stage>order>name>unit>family,,0.2581,18,0.4967,12.89,0.0954,0.2825,FALSE
89,def>stage>order>unit>family>name,,0.1394,2,0.0824,211.5,0.9002,-0.0239,TRUE
90,def>stage>order>unit>name>family,,0.136,2,0.0868,210.5,0.9002,-0.0243,TRUE
91,def>stage>unit>family>name>order,,0.2314,17,0.5163,13.12,0.0998,0.3133,FALSE
92,def>stage>unit>family>order>name,,0.1407,2,0.0651,215.5,0.9154,-0.0205,TRUE
93,def>stage>unit>name>family>order,,0.2335,17,0.5163,13.12,0.0998,0.2984,FALSE
94,def>stage>unit>name>order>family,,0.1521,14,0.4273,18.86,0.2126,0.3296,FALSE
95,def>stage>unit>order>family>name,,0.2271,15,0.4707,16.27,0.1063,0.4063,FALSE
96,def>stage>unit>order>name>family,,0.1859,17,0.4685,14.41,0.2148,0.2991,FALSE
97,def>unit>family>name>order>stage,,0.1789,14,0.3601,21.07,0.2516,0.4379,FALSE
98,def>unit>family>name>stage>order,,0.2717,19,0.5011,12.11,0.1041,0.3961,FALSE
99,def>unit>family>order>name>stage,,0.1794,14,0.3688,20.79,0.2364,0.4284,FALSE
100,def>unit>family>order>stage>name,,0.1392,2,0.0738,213.5,0.9067,-0.0226,TRUE
101,def>unit>family>stage>name>order,,0.1966,13,0.4577,19.23,0.1041,0.4149,FALSE
102,def>unit>family>stage>order>name,,0.1379,2,0.0824,211.5,0.898,-0.0239,TRUE
103,def>unit>name>family>order>stage,,0.2235,19,0.3926,14.74,0.1215,0.4786,FALSE
104,def>unit>name>family>stage>order,,0.2071,16,0.4056,17.12,0.1215,0.4592,FALSE
105,def>unit>name>order>family>stage,,0.2494,18,0.4707,13.56,0.1193,0.4132,FALSE
106,def>unit>name>order>stage>family,,0.2349,17,0.4317,15.41,0.115,0.4308,FALSE
107,def>unit>name>stage>family>order,,0.222,15,0.4425,17.13,0.102,0.3991,FALSE
108,def>unit>name>stage>order>family,,0.2698,17,0.4837,14,0.1041,0.3855,FALSE
109,def>unit>order>family>name>stage,,0.1792,15,0.3883,18.8,0.2126,0.4344,FALSE
110,def>unit>order>family>stage>name,,0.1351,2,0.0694,214.5,0.9154,-0.0209,TRUE
111,def>unit>order>name>family>stage,,0.0803,3,0.1302,133.67,0.833,-0.0101,TRUE
112,def>unit>order>name>stage>family,,0.1635,13,0.3557,22.85,0.2321,0.4253,FALSE
113,def>unit>order>stage>family>name,,0.1353,2,0.0716,214,0.9111,-0.0219,TRUE
114,def>unit>order>stage>name>family,,0.1604,12,0.397,23.17,0.2213,0.4202,FALSE
115,def>unit>stage>family>name>order,,0.133,2,0.0738,213.5,0.9089,-0.0224,TRUE
116,def>unit>stage>family>order>name,,0.2469,16,0.4837,14.88,0.1085,0.4016,FALSE
117,def>unit>stage>name>family>order,,0.0807,3,0.1236,134.67,0.8373,-0.0109,TRUE
118,def>unit>stage>name>order>family,,0.1638,12,0.4035,22.92,0.2278,0.367,FALSE
119,def>unit>stage>order>family>name,,0.1823,14,0.4013,19.71,0.2104,0.4121,FALSE
120,def>unit>stage>order>name>family,,0.1661,12,0.4208,22.25,0.2148,0.3783,FALSE
121,family>def>name>order>stage>unit,,0.2279,22,0.3059,14.55,0.2039,0.3776,FALSE
122,family>def>name>order>unit>stage,,0.223,22,0.295,14.77,0.2061,0.3702,FALSE
123,family>def>name>stage>order>unit,,0.2274,23,0.2907,14.22,0.2061,0.3345,FALSE
124,family>def>name>stage>unit>order,,0.213,21,0.2842,15.71,0.2278,0.3562,FALSE
125,family>def>name>unit>order>stage,,0.1929,19,0.2581,18,0.2104,0.264,FALSE
126,family>def>name>unit>stage>order,,0.1948,20,0.243,17.45,0.2104,0.2579,FALSE
127,family>def>order>name>stage>unit,,0.1912,11,0.2278,32.36,0.423,0.0982,FALSE
128,family>def>order>name>unit>stage,,0.216,21,0.2755,15.9,0.2191,0.3112,FALSE
129,family>def>order>stage>name>unit,,0.249,22,0.3536,13.55,0.2104,0.2922,FALSE
130,family>def>order>stage>unit>name,,0.1915,10,0.2321,35.4,0.4252,0.1003,FALSE
131,family>def>order>unit>name>stage,,0.2205,21,0.2863,15.67,0.2148,0.3016,FALSE
132,family>def>order>unit>stage>name,,0.2425,21,0.3362,14.57,0.2148,0.342,FALSE
133,family>def>stage>name>order>unit,,0.1902,19,0.2842,17.37,0.2343,0.31,FALSE
134,family>def>stage>name>unit>order,,0.2042,20,0.2907,16.35,0.2386,0.3031,FALSE
135,family>def>stage>order>name>unit,,0.2187,21,0.3037,15.29,0.2148,0.3158,FALSE
136,family>def>stage>order>unit>name,,0.2027,20,0.2972,16.2,0.2126,0.3143,FALSE
137,family>def>stage>unit>name>order,,0.1832,18,0.295,18.06,0.2364,0.3061,FALSE
138,family>def>stage>unit>order>name,,0.2003,20,0.2972,16.2,0.2039,0.364,FALSE
139,family>def>unit>name>order>stage,,0.2451,23,0.3167,13.7,0.2082,0.3505,FALSE
140,family>def>unit>name>stage>order,,0.2084,20,0.2668,16.9,0.2104,0.287,FALSE
141,family>def>unit>order>name>stage,,0.2201,21,0.3059,15.24,0.2148,0.309,FALSE
142,family>def>unit>order>stage>name,,0.2316,21,0.3384,14.52,0.2364,0.2784,FALSE
143,family>def>unit>stage>name>order,,0.1881,17,0.3254,18.29,0.2278,0.2854,FALSE
144,family>def>unit>stage>order>name,,0.2196,22,0.2972,14.73,0.2104,0.3246,FALSE
145,family>name>def>order>stage>unit,,0.3387,28,0.295,11.61,0.0738,0.4904,FALSE
146,family>name>def>order>unit>stage,,0.3402,28,0.295,11.61,0.0738,0.4718,FALSE
147,family>name>def>stage>order>unit,,0.3389,28,0.2863,11.75,0.0738,0.5085,FALSE
148,family>name>def>stage>unit>order,,0.3371,28,0.2798,11.86,0.0759,0.5249,FALSE
149,family>name>def>unit>order>stage,,0.336,29,0.2907,11.28,0.0781,0.4895,FALSE
150,family>name>def>unit>stage>order,,0.3384,28,0.2863,11.75,0.0781,0.511,FALSE
151,family>name>order>def>stage>unit,,0.3382,24,0.321,13.04,0.102,0.501,FALSE
152,family>name>order>def>unit>stage,,0.3161,25,0.2972,12.96,0.1063,0.4679,FALSE
153,family>name>order>stage>def>unit,,0.29,24,0.3384,12.71,0.0803,0.4961,FALSE
154,family>name>order>stage>unit>def,,0.3272,25,0.3102,12.72,0.1085,0.4952,FALSE
155,family>name>order>unit>def>stage,,0.3258,25,0.2711,13.44,0.1215,0.4697,FALSE
156,family>name>order>unit>stage>def,,0.2938,24,0.2733,13.96,0.128,0.4572,FALSE
157,family>name>stage>def>order>unit,,0.3084,23,0.321,13.61,0.1128,0.4798,FALSE
158,family>name>stage>def>unit>order,,0.3081,23,0.3232,13.57,0.1085,0.4731,FALSE
159,family>name>stage>order>def>unit,,0.2372,21,0.2755,15.9,0.2104,0.4174,FALSE
160,family>name>stage>order>unit>def,,0.3209,24,0.3427,12.62,0.102,0.4693,FALSE
161,family>name>stage>unit>def>order,,0.2988,26,0.2798,12.77,0.1215,0.491,FALSE
162,family>name>stage>unit>order>def,,0.2563,21,0.3059,15.24,0.2039,0.4119,FALSE
163,family>name>unit>def>order>stage,,0.3089,27,0.2646,12.56,0.1215,0.4571,FALSE
164,family>name>unit>def>stage>order,,0.3425,28,0.3145,11.29,0.0781,0.5081,FALSE
165,family>name>unit>order>def>stage,,0.3376,25,0.3189,12.56,0.1128,0.4779,FALSE
166,family>name>unit>order>stage>def,,0.3141,25,0.3189,12.56,0.1063,0.444,FALSE
167,family>name>unit>stage>def>order,,0.3084,25,0.2972,12.96,0.1236,0.5108,FALSE
168,family>name>unit>stage>order>def,,0.2999,24,0.3275,12.92,0.0998,0.4946,FALSE
169,family>order>def>name>stage>unit,,0.2052,10,0.2169,36.1,0.449,0.0896,FALSE
170,family>order>def>name>unit>stage,,0.1983,10,0.2148,36.2,0.4447,0.0889,FALSE
171,family>order>def>stage>name>unit,,0.2073,10,0.1974,37,0.4512,0.0742,FALSE
172,family>order>def>stage>unit>name,,0.2017,10,0.1952,37.1,0.4425,0.0812,FALSE
173,family>order>def>unit>name>stage,,0.1867,10,0.1909,37.3,0.4447,0.0793,FALSE
174,family>order>def>unit>stage>name,,0.2272,20,0.308,15.95,0.2104,0.3253,FALSE
175,family>order>name>def>stage>unit,,0.3273,28,0.2538,12.29,0.115,0.4282,FALSE
176,family>order>name>def>unit>stage,,0.32,28,0.243,12.46,0.1258,0.4227,FALSE
177,family>order>name>stage>def>unit,,0.2569,25,0.2733,13.4,0.2213,0.3949,FALSE
178,family>order>name>stage>unit>def,,0.3191,26,0.321,12.04,0.102,0.4873,FALSE
179,family>order>name>unit>def>stage,,0.3287,26,0.295,12.5,0.115,0.491,FALSE
180,family>order>name>unit>stage>def,,0.3056,23,0.321,13.61,0.102,0.4855,FALSE
181,family>order>stage>def>name>unit,,0.2065,18,0.3601,16.39,0.2039,0.3584,FALSE
182,family>order>stage>def>unit>name,,0.2133,21,0.295,15.48,0.2082,0.3616,FALSE
183,family>order>stage>name>def>unit,,0.2995,23,0.295,14.13,0.1106,0.4873,FALSE
184,family>order>stage>name>unit>def,,0.3015,25,0.3275,12.4,0.102,0.5037,FALSE
185,family>order>stage>unit>def>name,,0.2027,14,0.2581,24.43,0.2039,0.2691,FALSE
186,family>order>stage>unit>name>def,,0.3216,23,0.3427,13.17,0.115,0.4447,FALSE
187,family>order>unit>def>name>stage,,0.2212,15,0.2603,22.73,0.2082,0.2414,FALSE
188,family>order>unit>def>stage>name,,0.2141,17,0.3145,18.59,0.2017,0.3623,FALSE
189,family>order>unit>name>def>stage,,0.3376,27,0.3059,11.85,0.0781,0.4918,FALSE
190,family>order>unit>name>stage>def,,0.2959,24,0.3275,12.92,0.1041,0.4181,FALSE
191,family>order>unit>stage>def>name,,0.2149,16,0.2885,20.5,0.1996,0.2798,FALSE
192,family>order>unit>stage>name>def,,0.3125,25,0.3275,12.4,0.1193,0.4296,FALSE
193,family>stage>def>name>order>unit,,0.1832,21,0.3254,14.81,0.2299,0.335,FALSE
194,family>stage>def>name>unit>order,,0.1732,19,0.3297,16.26,0.2213,0.3454,FALSE
195,family>stage>def>order>name>unit,,0.1999,20,0.256,17.15,0.2386,0.2977,FALSE
196,family>stage>def>order>unit>name,,0.1943,21,0.2299,16.9,0.2495,0.2863,FALSE
197,family>stage>def>unit>name>order,,0.175,18,0.3059,17.78,0.2213,0.3803,FALSE
198,family>stage>def>unit>order>name,,0.2012,21,0.2928,15.52,0.2256,0.3726,FALSE
199,family>stage>name>def>order>unit,,0.3112,25,0.308,12.76,0.0738,0.4816,FALSE
200,family>stage>name>def>unit>order,,0.3054,24,0.321,13.04,0.0781,0.5455,FALSE
201,family>stage>name>order>def>unit,,0.3192,23,0.3471,13.09,0.0933,0.5063,FALSE
202,family>stage>name>order>unit>def,,0.2979,25,0.2972,12.96,0.1106,0.5443,FALSE
203,family>stage>name>unit>def>order,,0.2836,23,0.2863,14.3,0.141,0.4856,FALSE
204,family>stage>name>unit>order>def,,0.27,21,0.3189,14.95,0.1171,0.4763,FALSE
205,family>stage>order>def>name>unit,,0.1912,18,0.2842,18.33,0.2061,0.3192,FALSE
206,family>stage>order>def>unit>name,,0.2215,21,0.3232,14.86,0.2061,0.3318,FALSE
207,family>stage>order>name>def>unit,,0.294,22,0.2993,14.68,0.1085,0.4606,FALSE
208,family>stage>order>name>unit>def,,0.2689,22,0.3102,14.45,0.115,0.4324,FALSE
209,family>stage>order>unit>def>name,,0.2028,15,0.2733,22.33,0.1952,0.3159,FALSE
210,family>stage>order>unit>name>def,,0.3131,25,0.3254,12.44,0.1063,0.4299,FALSE
211,family>stage>unit>def>name>order,,0.191,16,0.2863,20.56,0.2299,0.2801,FALSE
212,family>stage>unit>def>order>name,,0.1973,19,0.3384,16.05,0.2213,0.3739,FALSE
213,family>stage>unit>name>def>order,,0.2804,24,0.2777,13.88,0.141,0.4955,FALSE
214,family>stage>unit>name>order>def,,0.3028,24,0.3384,12.71,0.128,0.3959,FALSE
215,family>stage>unit>order>def>name,,0.2137,16,0.2711,21,0.2061,0.3197,FALSE
216,family>stage>unit>order>name>def,,0.2704,21,0.2842,15.71,0.1258,0.4525,FALSE
217,family>unit>def>name>order>stage,,0.2432,17,0.3449,17.76,0.1996,0.2886,FALSE
218,family>unit>def>name>stage>order,,0.2534,15,0.3796,19.07,0.2017,0.2791,FALSE
219,family>unit>def>order>name>stage,,0.2221,15,0.2863,21.93,0.2343,0.2383,FALSE
220,family>unit>def>order>stage>name,,0.207,17,0.2646,19.94,0.2408,0.2323,FALSE
221,family>unit>def>stage>name>order,,0.2645,16,0.3753,18,0.2017,0.2401,FALSE
222,family>unit>def>stage>order>name,,0.2532,18,0.3623,16.33,0.1887,0.2692,FALSE
223,family>unit>name>def>order>stage,,0.3297,27,0.3167,11.67,0.0824,0.5192,FALSE
224,family>unit>name>def>stage>order,,0.3271,29,0.308,11,0.0824,0.5412,FALSE
225,family>unit>name>order>def>stage,,0.3232,27,0.2842,12.22,0.128,0.4365,FALSE
226,family>unit>name>order>stage>def,,0.3144,26,0.321,12.04,0.1085,0.4987,FALSE
227,family>unit>name>stage>def>order,,0.2869,25,0.2907,13.08,0.141,0.4688,FALSE
228,family>unit>name>stage>order>def,,0.3078,25,0.3232,12.48,0.128,0.4353,FALSE
229,family>unit>order>def>name>stage,,0.2525,18,0.3709,16.11,0.1106,0.3668,FALSE
230,family>unit>order>def>stage>name,,0.2768,20,0.3926,14,0.1063,0.3789,FALSE
231,family>unit>order>name>def>stage,,0.3443,28,0.3275,11.07,0.0738,0.4956,FALSE
232,family>unit>order>name>stage>def,,0.2826,22,0.3275,14.09,0.115,0.4118,FALSE
233,family>unit>order>stage>def>name,,0.2396,16,0.3145,19.75,0.1952,0.3071,FALSE
234,family>unit>order>stage>name>def,,0.3214,24,0.3232,13,0.1258,0.4658,FALSE
235,family>unit>stage>def>name>order,,0.2031,16,0.3297,19.31,0.2126,0.2801,FALSE
236,family>unit>stage>def>order>name,,0.2145,17,0.282,19.47,0.2234,0.283,FALSE
237,family>unit>stage>name>def>order,,0.308,25,0.3189,12.56,0.0846,0.5322,FALSE
238,family>unit>stage>name>order>def,,0.2955,24,0.321,13.04,0.1323,0.4211,FALSE
239,family>unit>stage>order>def>name,,0.2145,16,0.2755,20.88,0.1996,0.286,FALSE
240,family>unit>stage>order>name>def,,0.3085,24,0.3124,13.21,0.1215,0.4511,FALSE
241,name>def>family>order>stage>unit,,0.2992,23,0.256,14.91,0.1453,0.8338,FALSE
242,name>def>family>order>unit>stage,,0.2964,21,0.2516,16.43,0.1453,0.8469,FALSE
243,name>def>family>stage>order>unit,,0.2948,24,0.2581,14.25,0.1497,0.8328,FALSE
244,name>def>family>stage>unit>order,,0.2996,22,0.269,15.32,0.1453,0.8169,FALSE
245,name>def>family>unit>order>stage,,0.2933,21,0.2516,16.43,0.1453,0.8584,FALSE
246,name>def>family>unit>stage>order,,0.2946,20,0.2603,17.05,0.1475,0.8555,FALSE
247,name>def>order>family>stage>unit,,0.2924,22,0.2473,15.77,0.1475,0.8618,FALSE
248,name>def>order>family>unit>stage,,0.2941,20,0.2408,17.5,0.1432,0.8206,FALSE
249,name>def>order>stage>family>unit,,0.2956,20,0.2473,17.35,0.1475,0.8645,FALSE
250,name>def>order>stage>unit>family,,0.2861,19,0.2321,18.63,0.1475,0.8187,FALSE
251,name>def>order>unit>family>stage,,0.2824,19,0.2299,18.68,0.1453,0.7996,FALSE
252,name>def>order>unit>stage>family,,0.2781,21,0.2256,17,0.1432,0.7711,FALSE
253,name>def>stage>family>order>unit,,0.3064,20,0.2928,16.3,0.1497,0.9012,FALSE
254,name>def>stage>family>unit>order,,0.3006,21,0.2907,15.57,0.1453,0.8312,FALSE
255,name>def>stage>order>family>unit,,0.3026,22,0.2755,15.18,0.1432,0.8725,FALSE
256,name>def>stage>order>unit>family,,0.2928,22,0.2538,15.64,0.1475,0.8703,FALSE
257,name>def>stage>unit>family>order,,0.3039,20,0.308,15.95,0.1453,0.8402,FALSE
258,name>def>stage>unit>order>family,,0.2973,21,0.2581,16.29,0.1475,0.8672,FALSE
259,name>def>unit>family>order>stage,,0.285,19,0.2516,18.16,0.1497,0.8647,FALSE
260,name>def>unit>family>stage>order,,0.305,20,0.2993,16.15,0.1453,0.9024,FALSE
261,name>def>unit>order>family>stage,original,0.2926,20,0.269,16.85,0.1518,1,FALSE
262,name>def>unit>order>stage>family,,0.2769,21,0.2256,17,0.1497,0.8136,FALSE
263,name>def>unit>stage>family>order,,0.2796,20,0.256,17.15,0.1475,0.8217,FALSE
264,name>def>unit>stage>order>family,,0.2827,20,0.2386,17.55,0.1497,0.8579,FALSE
265,name>family>def>order>stage>unit,,0.305,26,0.3037,12.35,0.1193,0.488,FALSE
266,name>family>def>order>unit>stage,,0.3026,26,0.3037,12.35,0.1193,0.5177,FALSE
267,name>family>def>stage>order>unit,,0.2978,26,0.3015,12.38,0.115,0.498,FALSE
268,name>family>def>stage>unit>order,,0.297,23,0.308,13.87,0.1193,0.5466,FALSE
269,name>family>def>unit>order>stage,,0.3097,24,0.3275,12.92,0.1171,0.5234,FALSE
270,name>family>def>unit>stage>order,,0.2996,24,0.3189,13.08,0.1215,0.5569,FALSE
271,name>family>order>def>stage>unit,,0.2844,25,0.2538,13.76,0.141,0.4666,FALSE
272,name>family>order>def>unit>stage,,0.2981,26,0.2733,12.88,0.1302,0.5105,FALSE
273,name>family>order>stage>def>unit,,0.2887,25,0.308,12.76,0.1236,0.4836,FALSE
274,name>family>order>stage>unit>def,,0.3099,25,0.3167,12.6,0.115,0.5337,FALSE
275,name>family>order>unit>def>stage,,0.3192,27,0.3059,11.85,0.1085,0.5528,FALSE
276,name>family>order>unit>stage>def,,0.2847,24,0.2928,13.58,0.1258,0.5442,FALSE
277,name>family>stage>def>order>unit,,0.2919,25,0.3124,12.68,0.1215,0.5242,FALSE
278,name>family>stage>def>unit>order,,0.3044,24,0.3232,13,0.1236,0.4973,FALSE
279,name>family>stage>order>def>unit,,0.2899,24,0.3015,13.42,0.1215,0.5188,FALSE
280,name>family>stage>order>unit>def,,0.2962,25,0.2972,12.96,0.1193,0.5542,FALSE
281,name>family>stage>unit>def>order,,0.2939,25,0.2993,12.92,0.1323,0.53,FALSE
282,name>family>stage>unit>order>def,,0.2959,24,0.3124,13.21,0.1302,0.5605,FALSE
283,name>family>unit>def>order>stage,,0.3279,29,0.3449,10.41,0.0716,0.5494,FALSE
284,name>family>unit>def>stage>order,,0.3064,27,0.3189,11.63,0.1215,0.5797,FALSE
285,name>family>unit>order>def>stage,,0.3065,25,0.2907,13.08,0.1367,0.5341,FALSE
286,name>family>unit>order>stage>def,,0.2888,24,0.2972,13.5,0.1258,0.527,FALSE
287,name>family>unit>stage>def>order,,0.3016,26,0.308,12.27,0.1258,0.5388,FALSE
288,name>family>unit>stage>order>def,,0.2915,24,0.2972,13.5,0.1215,0.5389,FALSE
289,name>order>def>family>stage>unit,,0.3057,25,0.3384,12.2,0.0672,0.5084,FALSE
290,name>order>def>family>unit>stage,,0.2866,23,0.3319,13.39,0.0651,0.5126,FALSE
291,name>order>def>stage>family>unit,,0.3234,24,0.3883,11.75,0.0607,0.5195,FALSE
292,name>order>def>stage>unit>family,,0.2973,26,0.3449,11.62,0.0651,0.5214,FALSE
293,name>order>def>unit>family>stage,,0.3078,23,0.3731,12.57,0.0607,0.5307,FALSE
294,name>order>def>unit>stage>family,,0.2987,24,0.3514,12.46,0.0651,0.5156,FALSE
295,name>order>family>def>stage>unit,,0.3096,28,0.3102,11.36,0.0998,0.5453,FALSE
296,name>order>family>def>unit>stage,,0.3205,26,0.3427,11.65,0.1128,0.5238,FALSE
297,name>order>family>stage>def>unit,,0.3091,25,0.3492,12,0.0976,0.5115,FALSE
298,name>order>family>stage>unit>def,,0.2942,26,0.3059,12.31,0.1106,0.5204,FALSE
299,name>order>family>unit>def>stage,,0.342,30,0.3427,10.1,0.0781,0.5446,FALSE
300,name>order>family>unit>stage>def,,0.2967,24,0.3145,13.17,0.1128,0.5449,FALSE
301,name>order>stage>def>family>unit,,0.2861,26,0.3384,11.73,0.0716,0.5326,FALSE
302,name>order>stage>def>unit>family,,0.2957,24,0.3666,12.17,0.0716,0.5434,FALSE
303,name>order>stage>family>def>unit,,0.3011,24,0.3536,12.42,0.0976,0.5341,FALSE
304,name>order>stage>family>unit>def,,0.299,25,0.3362,12.24,0.1106,0.499,FALSE
305,name>order>stage>unit>def>family,,0.3084,26,0.3471,11.58,0.0629,0.5202,FALSE
306,name>order>stage>unit>family>def,,0.2866,24,0.3275,12.92,0.1085,0.553,FALSE
307,name>order>unit>def>family>stage,,0.295,28,0.3167,11.25,0.0629,0.5503,FALSE
308,name>order>unit>def>stage>family,,0.3151,29,0.3167,10.86,0.0607,0.5516,FALSE
309,name>order>unit>family>def>stage,,0.3248,29,0.3297,10.66,0.0781,0.5692,FALSE
310,name>order>unit>family>stage>def,,0.2902,24,0.321,13.04,0.1106,0.5527,FALSE
311,name>order>unit>stage>def>family,,0.3031,27,0.3145,11.7,0.0716,0.5732,FALSE
312,name>order>unit>stage>family>def,,0.2803,25,0.3189,12.56,0.115,0.52,FALSE
313,name>stage>def>family>order>unit,,0.2926,21,0.3688,13.86,0.1475,0.6374,FALSE
314,name>stage>def>family>unit>order,,0.2986,18,0.3926,15.56,0.141,0.6022,FALSE
315,name>stage>def>order>family>unit,,0.2791,22,0.3926,12.73,0.0607,0.4842,FALSE
316,name>stage>def>order>unit>family,,0.2771,21,0.3991,13.19,0.0716,0.4896,FALSE
317,name>stage>def>unit>family>order,,0.3017,21,0.397,13.24,0.1388,0.5873,FALSE
318,name>stage>def>unit>order>family,,0.2748,22,0.423,12.09,0.0651,0.4728,FALSE
319,name>stage>family>def>order>unit,,0.3068,24,0.3623,12.25,0.1041,0.492,FALSE
320,name>stage>family>def>unit>order,,0.2951,23,0.3536,12.96,0.1041,0.4952,FALSE
321,name>stage>family>order>def>unit,,0.2934,25,0.3471,12.04,0.0998,0.5303,FALSE
322,name>stage>family>order>unit>def,,0.2778,24,0.3167,13.12,0.0998,0.5485,FALSE
323,name>stage>family>unit>def>order,,0.2829,25,0.3254,12.44,0.1215,0.5031,FALSE
324,name>stage>family>unit>order>def,,0.2802,22,0.321,14.23,0.1128,0.5021,FALSE
325,name>stage>order>def>family>unit,,0.2864,23,0.3449,13.13,0.1085,0.4878,FALSE
326,name>stage>order>def>unit>family,,0.2721,23,0.3189,13.65,0.1106,0.5048,FALSE
327,name>stage>order>family>def>unit,,0.2919,25,0.3427,12.12,0.0911,0.545,FALSE
328,name>stage>order>family>unit>def,,0.2896,25,0.3341,12.28,0.0976,0.5302,FALSE
329,name>stage>order>unit>def>family,,0.2785,24,0.3449,12.58,0.1063,0.5589,FALSE
330,name>stage>order>unit>family>def,,0.2778,25,0.3275,12.4,0.1085,0.5261,FALSE
331,name>stage>unit>def>family>order,,0.311,22,0.3818,12.95,0.1432,0.5781,FALSE
332,name>stage>unit>def>order>family,,0.3044,24,0.3492,12.5,0.1453,0.6332,FALSE
333,name>stage>unit>family>def>order,,0.2904,23,0.3579,12.87,0.102,0.5616,FALSE
334,name>stage>unit>family>order>def,,0.2693,23,0.3514,13,0.0998,0.5411,FALSE
335,name>stage>unit>order>def>family,,0.2965,21,0.3427,14.43,0.1497,0.6998,FALSE
336,name>stage>unit>order>family>def,,0.2794,24,0.3774,11.96,0.0803,0.507,FALSE
337,name>unit>def>family>order>stage,,0.3111,22,0.3015,14.64,0.154,0.7576,FALSE
338,name>unit>def>family>stage>order,,0.3088,23,0.3124,13.78,0.1518,0.7427,FALSE
339,name>unit>def>order>family>stage,,0.3012,22,0.2885,14.91,0.1518,0.7372,FALSE
340,name>unit>def>order>stage>family,,0.3066,23,0.2993,14.04,0.154,0.7673,FALSE
341,name>unit>def>stage>family>order,,0.2997,22,0.2755,15.18,0.154,0.8171,FALSE
342,name>unit>def>stage>order>family,,0.3048,23,0.2907,14.22,0.1518,0.7728,FALSE
343,name>unit>family>def>order>stage,,0.3129,26,0.3557,11.42,0.0738,0.6061,FALSE
344,name>unit>family>def>stage>order,,0.3156,27,0.3536,11.04,0.0716,0.5621,FALSE
345,name>unit>family>order>def>stage,,0.3165,28,0.3427,10.82,0.0716,0.5436,FALSE
346,name>unit>family>order>stage>def,,0.2908,24,0.3362,12.75,0.0954,0.5583,FALSE
347,name>unit>family>stage>def>order,,0.2985,26,0.3384,11.73,0.0738,0.5762,FALSE
348,name>unit>family>stage>order>def,,0.2986,27,0.3427,11.22,0.0738,0.5655,FALSE
349,name>unit>order>def>family>stage,,0.3075,25,0.2972,12.96,0.1475,0.7277,FALSE
350,name>unit>order>def>stage>family,,0.3043,24,0.2798,13.83,0.154,0.7376,FALSE
351,name>unit>order>family>def>stage,,0.3175,28,0.3449,10.79,0.0716,0.5567,FALSE
352,name>unit>order>family>stage>def,,0.2866,25,0.3644,11.72,0.0759,0.53,FALSE
353,name>unit>order>stage>def>family,,0.3,24,0.2885,13.67,0.154,0.7517,FALSE
354,name>unit>order>stage>family>def,,0.297,23,0.3319,13.39,0.1518,0.6761,FALSE
355,name>unit>stage>def>family>order,,0.2972,22,0.321,14.23,0.1475,0.7255,FALSE
356,name>unit>stage>def>order>family,,0.2996,24,0.3059,13.33,0.1453,0.7014,FALSE
357,name>unit>stage>family>def>order,,0.2949,25,0.3297,12.36,0.1518,0.6833,FALSE
358,name>unit>stage>family>order>def,,0.2732,22,0.2928,14.82,0.1518,0.7066,FALSE
359,name>unit>stage>order>def>family,,0.2925,23,0.2993,14.04,0.1475,0.7127,FALSE
360,name>unit>stage>order>family>def,,0.2921,25,0.3666,11.68,0.0716,0.5356,FALSE
361,order>def>family>name>stage>unit,,0.1969,20,0.2777,16.65,0.2278,0.3219,FALSE
362,order>def>family>name>unit>stage,,0.1989,20,0.2798,16.6,0.2278,0.3338,FALSE
363,order>def>family>stage>name>unit,,0.1953,20,0.269,16.85,0.2278,0.3219,FALSE
364,order>def>family>stage>unit>name,,0.1793,18,0.256,19.06,0.2256,0.3496,FALSE
365,order>def>family>unit>name>stage,,0.1785,18,0.2473,19.28,0.2299,0.321,FALSE
366,order>def>family>unit>stage>name,,0.1761,18,0.2538,19.11,0.2321,0.3132,FALSE
367,order>def>name>family>stage>unit,,0.1864,20,0.2733,16.75,0.2213,0.3727,FALSE
368,order>def>name>family>unit>stage,,0.1916,17,0.2451,20.47,0.2213,0.3138,FALSE
369,order>def>name>stage>family>unit,,0.1941,18,0.2473,19.28,0.2148,0.2977,FALSE
370,order>def>name>stage>unit>family,,0.1893,17,0.2581,20.12,0.2061,0.3556,FALSE
371,order>def>name>unit>family>stage,,0.1848,19,0.3059,16.84,0.2213,0.4225,FALSE
372,order>def>name>unit>stage>family,,0.1858,18,0.2364,19.56,0.2148,0.3261,FALSE
373,order>def>stage>family>name>unit,,0.1893,21,0.2603,16.24,0.2278,0.3075,FALSE
374,order>def>stage>family>unit>name,,0.1719,19,0.2538,18.11,0.2299,0.3566,FALSE
375,order>def>stage>name>family>unit,,0.1957,20,0.2972,16.2,0.2039,0.39,FALSE
376,order>def>stage>name>unit>family,,0.1893,21,0.2928,15.52,0.1974,0.4267,FALSE
377,order>def>stage>unit>family>name,,0.1865,21,0.2777,15.86,0.2039,0.3568,FALSE
378,order>def>stage>unit>name>family,,0.1786,18,0.2907,18.17,0.1974,0.3682,FALSE
379,order>def>unit>family>name>stage,,0.1882,20,0.269,16.85,0.2234,0.3299,FALSE
380,order>def>unit>family>stage>name,,0.1907,20,0.2777,16.65,0.2278,0.3275,FALSE
381,order>def>unit>name>family>stage,,0.2006,22,0.2798,15.09,0.2278,0.3539,FALSE
382,order>def>unit>name>stage>family,,0.2083,20,0.308,15.95,0.2256,0.4161,FALSE
383,order>def>unit>stage>family>name,,0.1903,20,0.282,16.55,0.2256,0.358,FALSE
384,order>def>unit>stage>name>family,,0.1873,20,0.2885,16.4,0.2061,0.3649,FALSE
385,order>family>def>name>stage>unit,,0.2212,21,0.282,15.76,0.2213,0.3319,FALSE
386,order>family>def>name>unit>stage,,0.2297,21,0.2863,15.67,0.1974,0.3356,FALSE
387,order>family>def>stage>name>unit,,0.213,17,0.2625,20,0.2234,0.262,FALSE
388,order>family>def>stage>unit>name,,0.23,20,0.295,16.25,0.2191,0.3294,FALSE
389,order>family>def>unit>name>stage,,0.2494,21,0.3145,15.05,0.2256,0.3509,FALSE
390,order>family>def>unit>stage>name,,0.2274,20,0.2842,16.5,0.2256,0.328,FALSE
391,order>family>name>def>stage>unit,,0.363,30,0.3124,10.57,0.0738,0.4025,FALSE
392,order>family>name>def>unit>stage,,0.358,30,0.3102,10.6,0.0738,0.4241,FALSE
393,order>family>name>stage>def>unit,,0.334,26,0.3319,11.85,0.1041,0.4662,FALSE
394,order>family>name>stage>unit>def,,0.3253,26,0.3254,11.96,0.1085,0.4558,FALSE
395,order>family>name>unit>def>stage,,0.3454,30,0.3167,10.5,0.0759,0.4588,FALSE
396,order>family>name>unit>stage>def,,0.3077,24,0.3167,13.12,0.1106,0.4704,FALSE
397,order>family>stage>def>name>unit,,0.1901,17,0.3297,18.18,0.2017,0.3185,FALSE
398,order>family>stage>def>unit>name,,0.1969,18,0.2928,18.11,0.2082,0.311,FALSE
399,order>family>stage>name>def>unit,taxonomy_first,0.3073,29,0.3015,11.1,0.1106,0.4091,FALSE
400,order>family>stage>name>unit>def,,0.3171,26,0.3623,11.31,0.1063,0.4162,FALSE
401,order>family>stage>unit>def>name,,0.2096,17,0.3427,17.82,0.1996,0.3323,FALSE
402,order>family>stage>unit>name>def,,0.2982,24,0.3319,12.83,0.1215,0.4107,FALSE
403,order>family>unit>def>name>stage,,0.2326,16,0.2928,20.38,0.2017,0.2195,FALSE
404,order>family>unit>def>stage>name,,0.2581,17,0.3449,17.76,0.2039,0.2328,FALSE
405,order>family>unit>name>def>stage,,0.3306,28,0.3167,11.25,0.0781,0.4872,FALSE
406,order>family>unit>name>stage>def,,0.2973,24,0.3145,13.17,0.1085,0.43,FALSE
407,order>family>unit>stage>def>name,,0.221,15,0.2777,22.2,0.2061,0.2697,FALSE
408,order>family>unit>stage>name>def,,0.3115,26,0.3232,12,0.1215,0.417,FALSE
409,order>name>def>family>stage>unit,,0.329,29,0.3015,11.1,0.0803,0.5295,FALSE
410,order>name>def>family>unit>stage,,0.3128,29,0.2928,11.24,0.0824,0.5144,FALSE
411,order>name>def>stage>family>unit,,0.3293,29,0.3232,10.76,0.0824,0.5902,FALSE
412,order>name>def>stage>unit>family,,0.3219,29,0.2993,11.14,0.0803,0.5596,FALSE
413,order>name>def>unit>family>stage,,0.309,27,0.3232,11.56,0.0759,0.5438,FALSE
414,order>name>def>unit>stage>family,,0.3279,30,0.3167,10.5,0.0824,0.5817,FALSE
415,order>name>family>def>stage>unit,,0.3294,27,0.2993,11.96,0.0976,0.4756,FALSE
416,order>name>family>def>unit>stage,,0.3064,29,0.256,11.83,0.1085,0.4042,FALSE
417,order>name>family>stage>def>unit,,0.2604,24,0.3059,13.33,0.2017,0.4887,FALSE
418,order>name>family>stage>unit>def,,0.3122,26,0.3232,12,0.0954,0.4783,FALSE
419,order>name>family>unit>def>stage,,0.3117,26,0.2798,12.77,0.1302,0.4791,FALSE
420,order>name>family>unit>stage>def,,0.3297,27,0.3384,11.3,0.0954,0.479,FALSE
421,order>name>stage>def>family>unit,,0.2982,27,0.3774,10.63,0.0781,0.5445,FALSE
422,order>name>stage>def>unit>family,,0.2938,26,0.3514,11.5,0.0759,0.5884,FALSE
423,order>name>stage>family>def>unit,,0.3301,26,0.4035,10.58,0.0607,0.4081,FALSE
424,order>name>stage>family>unit>def,,0.3122,27,0.3449,11.19,0.102,0.4473,FALSE
425,order>name>stage>unit>def>family,,0.3016,24,0.3297,12.88,0.115,0.5872,FALSE
426,order>name>stage>unit>family>def,,0.3101,26,0.3536,11.46,0.0976,0.45,FALSE
427,order>name>unit>def>family>stage,,0.3003,28,0.2972,11.57,0.1323,0.4991,FALSE
428,order>name>unit>def>stage>family,,0.3348,29,0.3232,10.76,0.0759,0.5296,FALSE
429,order>name>unit>family>def>stage,,0.3198,28,0.2885,11.71,0.1128,0.4498,FALSE
430,order>name>unit>family>stage>def,,0.3194,27,0.3275,11.48,0.1085,0.4953,FALSE
431,order>name>unit>stage>def>family,,0.303,25,0.3341,12.28,0.1215,0.518,FALSE
432,order>name>unit>stage>family>def,,0.3026,25,0.3362,12.24,0.1063,0.4562,FALSE
433,order>stage>def>family>name>unit,,0.1784,20,0.2733,16.75,0.2213,0.3113,FALSE
434,order>stage>def>family>unit>name,,0.2255,24,0.3905,11.71,0.154,0.2523,FALSE
435,order>stage>def>name>family>unit,,0.1872,21,0.308,15.19,0.2017,0.3272,FALSE
436,order>stage>def>name>unit>family,,0.1564,14,0.321,22.36,0.1931,0.3472,FALSE
437,order>stage>def>unit>family>name,,0.1817,19,0.3232,16.42,0.1822,0.2905,FALSE
438,order>stage>def>unit>name>family,,0.193,20,0.3709,14.5,0.1735,0.298,FALSE
439,order>stage>family>def>name>unit,,0.1695,11,0.2169,32.82,0.4252,0.1217,FALSE
440,order>stage>family>def>unit>name,,0.2036,21,0.3406,14.48,0.1952,0.3899,FALSE
441,order>stage>family>name>def>unit,,0.3224,28,0.3362,10.93,0.0781,0.4577,FALSE
442,order>stage>family>name>unit>def,,0.2967,26,0.321,12.04,0.1258,0.4148,FALSE
443,order>stage>family>unit>def>name,,0.2102,16,0.308,19.94,0.1909,0.2778,FALSE
444,order>stage>family>unit>name>def,,0.2961,25,0.3341,12.28,0.1453,0.4436,FALSE
445,order>stage>name>def>family>unit,,0.3089,28,0.3427,10.82,0.0781,0.5717,FALSE
446,order>stage>name>def>unit>family,,0.2978,29,0.3189,10.83,0.0759,0.5729,FALSE
447,order>stage>name>family>def>unit,,0.3006,26,0.3471,11.58,0.0803,0.4516,FALSE
448,order>stage>name>family>unit>def,,0.2992,26,0.3189,12.08,0.1323,0.4525,FALSE
449,order>stage>name>unit>def>family,,0.315,29,0.3471,10.38,0.0738,0.5989,FALSE
450,order>stage>name>unit>family>def,,0.315,26,0.3666,11.23,0.102,0.4517,FALSE
451,order>stage>unit>def>family>name,,0.2219,20,0.3688,14.55,0.1323,0.346,FALSE
452,order>stage>unit>def>name>family,,0.2299,18,0.4425,14.28,0.0954,0.3165,FALSE
453,order>stage>unit>family>def>name,,0.2057,18,0.2928,18.11,0.1974,0.2863,FALSE
454,order>stage>unit>family>name>def,,0.2901,24,0.3449,12.58,0.128,0.4317,FALSE
455,order>stage>unit>name>def>family,,0.2973,25,0.3471,12.04,0.0716,0.534,FALSE
456,order>stage>unit>name>family>def,,0.3018,26,0.3601,11.35,0.1215,0.4188,FALSE
457,order>unit>def>family>name>stage,,0.2308,16,0.3232,19.5,0.1996,0.282,FALSE
458,order>unit>def>family>stage>name,,0.2064,15,0.2928,21.73,0.1974,0.2597,FALSE
459,order>unit>def>name>family>stage,,0.2384,19,0.4056,14.42,0.1041,0.3377,FALSE
460,order>unit>def>name>stage>family,,0.2291,16,0.3275,19.38,0.1952,0.2764,FALSE
461,order>unit>def>stage>family>name,,0.2367,16,0.3167,19.69,0.1996,0.2926,FALSE
462,order>unit>def>stage>name>family,,0.2311,15,0.3514,19.93,0.1974,0.2658,FALSE
463,order>unit>family>def>name>stage,,0.2679,16,0.3406,19,0.2039,0.2422,FALSE
464,order>unit>family>def>stage>name,,0.225,17,0.2646,19.94,0.2104,0.238,FALSE
465,order>unit>family>name>def>stage,,0.3302,28,0.3015,11.5,0.0824,0.54,FALSE
466,order>unit>family>name>stage>def,,0.3004,24,0.3254,12.96,0.1215,0.4541,FALSE
467,order>unit>family>stage>def>name,,0.2093,16,0.2581,21.38,0.2191,0.251,FALSE
468,order>unit>family>stage>name>def,,0.3197,25,0.3384,12.2,0.1236,0.4267,FALSE
469,order>unit>name>def>family>stage,,0.2882,24,0.3145,13.17,0.1345,0.4467,FALSE
470,order>unit>name>def>stage>family,,0.3389,28,0.3644,10.46,0.0694,0.493,FALSE
471,order>unit>name>family>def>stage,,0.3166,25,0.3297,12.36,0.1171,0.4915,FALSE
472,order>unit>name>family>stage>def,,0.3123,23,0.3666,12.7,0.115,0.4642,FALSE
473,order>unit>name>stage>def>family,,0.2983,26,0.3341,11.81,0.115,0.4763,FALSE
474,order>unit>name>stage>family>def,,0.3163,23,0.3839,12.35,0.1106,0.4031,FALSE
475,order>unit>stage>def>family>name,,0.1903,18,0.3492,16.67,0.1822,0.333,FALSE
476,order>unit>stage>def>name>family,,0.1062,3,0.0672,143.33,0.9067,-0.0277,TRUE
477,order>unit>stage>family>def>name,,0.2032,16,0.2538,21.5,0.2126,0.2794,FALSE
478,order>unit>stage>family>name>def,,0.2828,24,0.3015,13.42,0.1215,0.4766,FALSE
479,order>unit>stage>name>def>family,,0.2812,24,0.295,13.54,0.115,0.5644,FALSE
480,order>unit>stage>name>family>def,,0.2938,25,0.3254,12.44,0.1323,0.4715,FALSE
481,stage>def>family>name>order>unit,,0.1906,15,0.4078,18.2,0.1497,0.3242,FALSE
482,stage>def>family>name>unit>order,,0.1234,2,0.0434,220.5,0.9393,-0.012,TRUE
483,stage>def>family>order>name>unit,,0.1915,16,0.4295,16.44,0.1518,0.3306,FALSE
484,stage>def>family>order>unit>name,,0.2604,20,0.5315,10.8,0.0803,0.2547,FALSE
485,stage>def>family>unit>name>order,,0.1042,9,0.3102,35.33,0.3427,0.3225,FALSE
486,stage>def>family>unit>order>name,,0.155,16,0.3883,17.62,0.1475,0.3139,FALSE
487,stage>def>name>family>order>unit,,0.135,2,0.0282,224,0.9501,-0.0061,TRUE
488,stage>def>name>family>unit>order,,0.1313,2,0.0239,225,0.9523,-0.0052,TRUE
489,stage>def>name>order>family>unit,,0.2536,21,0.4751,11.52,0.0521,0.3184,FALSE
490,stage>def>name>order>unit>family,,0.1322,2,0.0325,223,0.9458,-0.0084,TRUE
491,stage>def>name>unit>family>order,,0.2567,23,0.4751,10.52,0.0456,0.311,FALSE
492,stage>def>name>unit>order>family,,0.2573,23,0.4772,10.48,0.0456,0.3254,FALSE
493,stage>def>order>family>name>unit,,0.1328,2,0.0564,217.5,0.9241,-0.0179,TRUE
494,stage>def>order>family>unit>name,,0.1963,19,0.4577,13.16,0.1475,0.3032,FALSE
495,stage>def>order>name>family>unit,,0.1613,15,0.3514,19.93,0.1605,0.332,FALSE
496,stage>def>order>name>unit>family,,0.1633,15,0.3536,19.87,0.1605,0.3341,FALSE
497,stage>def>order>unit>family>name,,0.1247,2,0.0477,219.5,0.9349,-0.0139,TRUE
498,stage>def>order>unit>name>family,,0.1651,16,0.3774,17.94,0.1562,0.3124,FALSE
499,stage>def>unit>family>name>order,,0.1646,18,0.4208,14.83,0.1497,0.2974,FALSE
500,stage>def>unit>family>order>name,,0.0798,3,0.0889,140,0.8785,-0.0289,TRUE
501,stage>def>unit>name>family>order,,0.1365,2,0.0282,224,0.9501,-0.0061,TRUE
502,stage>def>unit>name>order>family,,0.2381,21,0.4642,11.76,0.0716,0.3149,FALSE
503,stage>def>unit>order>family>name,,0.1337,2,0.0347,222.5,0.9436,-0.0095,TRUE
504,stage>def>unit>order>name>family,,0.043,7,0.2191,51.43,0.6681,0.0781,TRUE
505,stage>family>def>name>order>unit,,0.1708,19,0.3102,16.74,0.1909,0.3471,FALSE
506,stage>family>def>name>unit>order,,0.168,18,0.3189,17.44,0.1866,0.3434,FALSE
507,stage>family>def>order>name>unit,,0.1825,22,0.3167,14.32,0.1996,0.2884,FALSE
508,stage>family>def>order>unit>name,,0.1809,22,0.3254,14.14,0.1844,0.2941,FALSE
509,stage>family>def>unit>name>order,,0.1813,21,0.3492,14.29,0.1909,0.3074,FALSE
510,stage>family>def>unit>order>name,,0.1624,19,0.2993,17,0.1887,0.3521,FALSE
511,stage>family>name>def>order>unit,,0.2887,25,0.3319,12.32,0.0824,0.534,FALSE
512,stage>family>name>def>unit>order,,0.2791,25,0.295,13,0.1128,0.5178,FALSE
513,stage>family>name>order>def>unit,,0.2211,21,0.3059,15.24,0.2234,0.3982,FALSE
514,stage>family>name>order>unit>def,,0.2861,23,0.3427,13.17,0.0911,0.4615,FALSE
515,stage>family>name>unit>def>order,,0.2793,23,0.3124,13.78,0.115,0.5384,FALSE
516,stage>family>name>unit>order>def,,0.2276,22,0.3059,14.55,0.2191,0.3648,FALSE
517,stage>family>order>def>name>unit,,0.1487,15,0.3167,21,0.2104,0.3497,FALSE
518,stage>family>order>def>unit>name,,0.1593,13,0.2581,26.31,0.2148,0.3122,FALSE
519,stage>family>order>name>def>unit,,0.2807,25,0.2907,13.08,0.0933,0.4771,FALSE
520,stage>family>order>name>unit>def,,0.2714,21,0.3557,14.14,0.1063,0.4298,FALSE
521,stage>family>order>unit>def>name,reversed,0.1903,17,0.2733,19.71,0.2017,0.2755,FALSE
522,stage>family>order>unit>name>def,,0.2618,22,0.3232,14.18,0.1193,0.4987,FALSE
523,stage>family>unit>def>name>order,,0.1745,14,0.3362,21.86,0.1584,0.3496,FALSE
524,stage>family>unit>def>order>name,,0.2455,19,0.4577,13.16,0.1215,0.2974,FALSE
525,stage>family>unit>name>def>order,,0.3012,25,0.3557,11.88,0.0759,0.5584,FALSE
526,stage>family>unit>name>order>def,,0.2998,23,0.3536,12.96,0.1106,0.4679,FALSE
527,stage>family>unit>order>def>name,,0.1962,16,0.2711,21,0.2234,0.2817,FALSE
528,stage>family>unit>order>name>def,,0.2634,22,0.3232,14.18,0.1193,0.4617,FALSE
529,stage>name>def>family>order>unit,,0.307,23,0.3991,12.04,0.1432,0.5424,FALSE
530,stage>name>def>family>unit>order,,0.2839,25,0.3623,11.76,0.1432,0.6069,FALSE
531,stage>name>def>order>family>unit,,0.2871,26,0.4013,10.62,0.0586,0.4328,FALSE
532,stage>name>def>order>unit>family,,0.2774,26,0.3644,11.27,0.0629,0.4347,FALSE
533,stage>name>def>unit>family>order,,0.2795,22,0.3492,13.64,0.1388,0.6473,FALSE
534,stage>name>def>unit>order>family,,0.2779,25,0.3709,11.6,0.0607,0.5312,FALSE
535,stage>name>family>def>order>unit,,0.1321,2,0.0456,220,0.9371,-0.0129,TRUE
536,stage>name>family>def>unit>order,,0.1289,2,0.039,221.5,0.9414,-0.0107,TRUE
537,stage>name>family>order>def>unit,,0.0662,3,0.039,147.67,0.9306,-0.0173,TRUE
538,stage>name>family>order>unit>def,,0.1373,2,0.0347,222.5,0.9436,-0.0095,TRUE
539,stage>name>family>unit>def>order,,0.1365,2,0.0434,220.5,0.9349,-0.0134,TRUE
540,stage>name>family>unit>order>def,,0.1286,2,0.0347,222.5,0.9371,-0.0136,TRUE
541,stage>name>order>def>family>unit,,0.2684,24,0.41,11.33,0.0738,0.3966,FALSE
542,stage>name>order>def>unit>family,,0.2869,25,0.4143,10.8,0.0499,0.4389,FALSE
543,stage>name>order>family>def>unit,,0.2351,20,0.3514,14.95,0.1193,0.3857,FALSE
544,stage>name>order>family>unit>def,,0.1223,2,0.0347,222.5,0.9349,-0.0149,TRUE
545,stage>name>order>unit>def>family,,0.2641,23,0.3579,12.87,0.0716,0.4597,FALSE
546,stage>name>order>unit>family>def,,0.1179,2,0.0325,223,0.9371,-0.0139,TRUE
547,stage>name>unit>def>family>order,,0.3038,22,0.3991,12.59,0.141,0.5859,FALSE
548,stage>name>unit>def>order>family,,0.2964,23,0.3731,12.57,0.1432,0.606,FALSE
549,stage>name>unit>family>def>order,,0.1357,2,0.0412,221,0.9371,-0.0125,TRUE
550,stage>name>unit>family>order>def,,0.0836,3,0.0347,148.33,0.9328,-0.0161,TRUE
551,stage>name>unit>order>def>family,,0.2775,25,0.3883,11.28,0.0716,0.5142,FALSE
552,stage>name>unit>order>family>def,,0.117,2,0.0347,222.5,0.9349,-0.0149,TRUE
553,stage>order>def>family>name>unit,,0.179,18,0.3427,16.83,0.1887,0.3897,FALSE
554,stage>order>def>family>unit>name,,0.1721,19,0.3601,15.53,0.1996,0.3049,FALSE
555,stage>order>def>name>family>unit,,0.1744,19,0.3623,15.47,0.1887,0.4031,FALSE
556,stage>order>def>name>unit>family,,0.2414,21,0.4208,12.71,0.1041,0.3944,FALSE
557,stage>order>def>unit>family>name,,0.1478,16,0.3427,18.94,0.1931,0.3864,FALSE
558,stage>order>def>unit>name>family,,0.1782,19,0.3926,14.74,0.1887,0.3239,FALSE
559,stage>order>family>def>name>unit,,0.166,15,0.3384,20.33,0.1866,0.3502,FALSE
560,stage>order>family>def>unit>name,,0.1925,18,0.3319,17.11,0.1866,0.2623,FALSE
561,stage>order>family>name>def>unit,,0.2651,20,0.2993,16.15,0.102,0.4849,FALSE
562,stage>order>family>name>unit>def,,0.285,21,0.3753,13.71,0.0998,0.4383,FALSE
563,stage>order>family>unit>def>name,,0.2414,22,0.4577,11.36,0.0868,0.2717,FALSE
564,stage>order>family>unit>name>def,,0.3195,23,0.3839,12.35,0.0954,0.4361,FALSE
565,stage>order>name>def>family>unit,,0.3033,29,0.3709,10,0.0716,0.4983,FALSE
566,stage>order>name>def>unit>family,,0.2973,28,0.3709,10.36,0.0672,0.4918,FALSE
567,stage>order>name>family>def>unit,,0.3065,28,0.4403,9.21,0.0434,0.3376,FALSE
568,stage>order>name>family>unit>def,,0.2958,20,0.4447,12.8,0.0672,0.4184,FALSE
569,stage>order>name>unit>def>family,,0.2807,23,0.3427,13.17,0.0716,0.5196,FALSE
570,stage>order>name>unit>family>def,,0.2854,23,0.4078,11.87,0.0781,0.403,FALSE
571,stage>order>unit>def>family>name,,0.2089,15,0.3666,19.47,0.1866,0.2909,FALSE
572,stage>order>unit>def>name>family,,0.1976,17,0.3557,17.47,0.18,0.33,FALSE
573,stage>order>unit>family>def>name,,0.1111,17,0.269,19.82,0.4143,0.181,FALSE
574,stage>order>unit>family>name>def,,0.3028,22,0.3796,13,0.0954,0.4557,FALSE
575,stage>order>unit>name>def>family,,0.3031,28,0.3557,10.61,0.0651,0.4648,FALSE
576,stage>order>unit>name>family>def,,0.3058,23,0.3883,12.26,0.0846,0.4671,FALSE
577,stage>unit>def>family>name>order,,0.0612,4,0.0434,110.25,0.9176,-0.0265,TRUE
578,stage>unit>def>family>order>name,,0.1091,3,0.0629,144,0.9067,-0.028,TRUE
579,stage>unit>def>name>family>order,,0.1439,2,0.0456,220,0.9371,-0.015,TRUE
580,stage>unit>def>name>order>family,,0.1387,2,0.0456,220,0.9371,-0.015,TRUE
581,stage>unit>def>order>family>name,,0.1409,2,0.0803,212,0.9002,-0.0236,TRUE
582,stage>unit>def>order>name>family,,0.1377,2,0.0716,214,0.9089,-0.0221,TRUE
583,stage>unit>family>def>name>order,,0.1065,3,0.0412,147.33,0.9328,-0.0166,TRUE
584,stage>unit>family>def>order>name,,0.1054,3,0.0564,145,0.9176,-0.0246,TRUE
585,stage>unit>family>name>def>order,,0.283,23,0.3579,12.87,0.0781,0.5206,FALSE
586,stage>unit>family>name>order>def,,0.2473,19,0.3623,15.47,0.1106,0.4264,FALSE
587,stage>unit>family>order>def>name,,0.1152,3,0.0586,144.67,0.9132,-0.0241,TRUE
588,stage>unit>family>order>name>def,,0.2405,20,0.3623,14.7,0.115,0.5301,FALSE
589,stage>unit>name>def>family>order,,0.1871,15,0.2798,22.13,0.3536,0.3096,FALSE
590,stage>unit>name>def>order>family,,0.1933,15,0.2928,21.73,0.3362,0.3361,FALSE
591,stage>unit>name>family>def>order,,0.283,24,0.4187,11.17,0.0716,0.3975,FALSE
592,stage>unit>name>family>order>def,,0.0745,4,0.0434,110.25,0.9132,-0.0258,TRUE
593,stage>unit>name>order>def>family,,0.265,24,0.3731,12.04,0.0716,0.4605,FALSE
594,stage>unit>name>order>family>def,,0.274,26,0.4121,10.42,0.0672,0.3171,FALSE
595,stage>unit>order>def>family>name,,0.1703,17,0.3341,18.06,0.1931,0.3663,FALSE
596,stage>unit>order>def>name>family,,0.1064,3,0.0651,143.67,0.9089,-0.0272,TRUE
597,stage>unit>order>family>def>name,,0.2502,21,0.4837,11.33,0.1236,0.2779,FALSE
598,stage>unit>order>family>name>def,,0.3077,26,0.4187,10.31,0.0738,0.4316,FALSE
599,stage>unit>order>name>def>family,,0.3008,27,0.3926,10.37,0.0629,0.4915,FALSE
600,stage>unit>order>name>family>def,,0.2094,20,0.3818,14.25,0.1735,0.3844,FALSE
601,unit>def>family>name>order>stage,,0.1292,2,0.0738,213.5,0.9111,-0.0221,TRUE
602,unit>def>family>name>stage>order,,0.1328,2,0.0651,215.5,0.9132,-0.0218,TRUE
603,unit>def>family>order>name>stage,,0.2714,20,0.436,13,0.0716,0.4015,FALSE
604,unit>def>family>order>stage>name,,0.1088,3,0.0781,141.67,0.8959,-0.0284,TRUE
605,unit>def>family>stage>name>order,,0.1,3,0.0672,143.33,0.9046,-0.0273,TRUE
606,unit>def>family>stage>order>name,,0.1053,3,0.0803,141.33,0.8937,-0.0287,TRUE
607,unit>def>name>family>order>stage,,0.2439,16,0.4469,15.94,0.1041,0.4007,FALSE
608,unit>def>name>family>stage>order,,0.2403,17,0.4317,15.41,0.1063,0.3975,FALSE
609,unit>def>name>order>family>stage,,0.2425,16,0.4382,16.19,0.102,0.4075,FALSE
610,unit>def>name>order>stage>family,,0.2133,14,0.4295,18.79,0.102,0.407,FALSE
611,unit>def>name>stage>family>order,,0.2265,17,0.41,16,0.1085,0.4241,FALSE
612,unit>def>name>stage>order>family,,0.243,17,0.4664,14.47,0.1041,0.3793,FALSE
613,unit>def>order>family>name>stage,,0.224,15,0.423,17.73,0.0976,0.3876,FALSE
614,unit>def>order>family>stage>name,,0.0993,3,0.0738,142.33,0.8937,-0.0309,TRUE
615,unit>def>order>name>family>stage,,0.1164,2,0.0933,209,0.885,-0.028,TRUE
616,unit>def>order>name>stage>family,,0.1144,2,0.0868,210.5,0.8915,-0.0276,TRUE
617,unit>def>order>stage>family>name,,0.0882,3,0.0781,141.67,0.8894,-0.0315,TRUE
618,unit>def>order>stage>name>family,,0.1151,2,0.0998,207.5,0.8807,-0.0282,TRUE
619,unit>def>stage>family>name>order,,0.1404,2,0.0716,214,0.9132,-0.0215,TRUE
620,unit>def>stage>family>order>name,,0.1049,3,0.0477,146.33,0.9241,-0.0202,TRUE
621,unit>def>stage>name>family>order,,0.1391,2,0.0607,216.5,0.9197,-0.0201,TRUE
622,unit>def>stage>name>order>family,,0.1377,2,0.0586,217,0.9241,-0.0181,TRUE
623,unit>def>stage>order>family>name,,0.127,2,0.0824,211.5,0.8937,-0.0271,TRUE
624,unit>def>stage>order>name>family,,0.2245,15,0.4121,18.07,0.1215,0.393,FALSE
625,unit>family>def>name>order>stage,,0.2364,19,0.449,13.37,0.1063,0.3988,FALSE
626,unit>family>def>name>stage>order,,0.2346,19,0.4469,13.42,0.115,0.3971,FALSE
627,unit>family>def>order>name>stage,,0.2871,22,0.41,12.36,0.0911,0.3993,FALSE
628,unit>family>def>order>stage>name,,0.2787,19,0.4816,12.58,0.1063,0.324,FALSE
629,unit>family>def>stage>name>order,,0.2432,17,0.436,15.29,0.1063,0.3466,FALSE
630,unit>family>def>stage>order>name,,0.2373,16,0.4469,15.94,0.1063,0.3392,FALSE
631,unit>family>name>def>order>stage,,0.33,30,0.3384,10.17,0.0759,0.5234,FALSE
632,unit>family>name>def>stage>order,,0.3283,29,0.3384,10.52,0.0781,0.5506,FALSE
633,unit>family>name>order>def>stage,,0.3114,26,0.3557,11.42,0.0803,0.5069,FALSE
634,unit>family>name>order>stage>def,,0.2897,21,0.3644,13.95,0.1128,0.4459,FALSE
635,unit>family>name>stage>def>order,,0.2971,23,0.3536,12.96,0.1215,0.4317,FALSE
636,unit>family>name>stage>order>def,,0.2836,21,0.3492,14.29,0.1193,0.4291,FALSE
637,unit>family>order>def>name>stage,,0.226,17,0.3709,17.06,0.1128,0.4563,FALSE
638,unit>family>order>def>stage>name,,0.2374,19,0.3839,14.95,0.1106,0.3958,FALSE
639,unit>family>order>name>def>stage,,0.3193,29,0.3341,10.59,0.0803,0.5109,FALSE
640,unit>family>order>name>stage>def,,0.2707,22,0.3341,13.95,0.1258,0.385,FALSE
641,unit>family>order>stage>def>name,,0.23,18,0.4165,14.94,0.1063,0.4138,FALSE
642,unit>family>order>stage>name>def,,0.3067,26,0.3557,11.42,0.0781,0.5248,FALSE
643,unit>family>stage>def>name>order,,0.2394,17,0.5011,13.53,0.0998,0.3347,FALSE
644,unit>family>stage>def>order>name,,0.2751,22,0.4707,11.09,0.102,0.3182,FALSE
645,unit>family>stage>name>def>order,,0.2981,25,0.3514,11.96,0.0781,0.5801,FALSE
646,unit>family>stage>name>order>def,,0.2706,21,0.3384,14.52,0.1215,0.4702,FALSE
647,unit>family>stage>order>def>name,,0.2274,18,0.4121,15.06,0.102,0.3972,FALSE
648,unit>family>stage>order>name>def,,0.3038,23,0.3492,13.04,0.1193,0.4871,FALSE
649,unit>name>def>family>order>stage,,0.2923,24,0.4187,11.17,0.0629,0.4717,FALSE
650,unit>name>def>family>stage>order,,0.1924,15,0.2581,22.8,0.3709,0.2911,FALSE
651,unit>name>def>order>family>stage,unit_first,0.1873,14,0.2711,24,0.3688,0.2989,FALSE
652,unit>name>def>order>stage>family,,0.283,22,0.4056,12.45,0.0694,0.513,FALSE
653,unit>name>def>stage>family>order,,0.294,22,0.4252,12.05,0.0607,0.4675,FALSE
654,unit>name>def>stage>order>family,,0.2991,19,0.4469,13.42,0.0672,0.4591,FALSE
655,unit>name>family>def>order>stage,,0.2859,18,0.3666,16.22,0.1453,0.569,FALSE
656,unit>name>family>def>stage>order,,0.2852,19,0.3536,15.68,0.1453,0.5525,FALSE
657,unit>name>family>order>def>stage,,0.3124,20,0.4143,13.5,0.0933,0.4392,FALSE
658,unit>name>family>order>stage>def,,0.2581,18,0.3492,16.67,0.1432,0.4977,FALSE
659,unit>name>family>stage>def>order,,0.276,18,0.3514,16.61,0.1388,0.5488,FALSE
660,unit>name>family>stage>order>def,,0.2532,17,0.3514,17.59,0.1453,0.4999,FALSE
661,unit>name>order>def>family>stage,,0.2695,19,0.4143,14.21,0.0954,0.3992,FALSE
662,unit>name>order>def>stage>family,,0.2757,18,0.3623,16.33,0.1432,0.5508,FALSE
663,unit>name>order>family>def>stage,,0.2971,23,0.3926,12.17,0.0889,0.466,FALSE
664,unit>name>order>family>stage>def,,0.2631,21,0.4165,12.81,0.102,0.3155,FALSE
665,unit>name>order>stage>def>family,,0.265,18,0.3666,16.22,0.1453,0.553,FALSE
666,unit>name>order>stage>family>def,,0.2368,18,0.3839,15.78,0.1106,0.3705,FALSE
667,unit>name>stage>def>family>order,,0.2743,21,0.4512,12.05,0.0651,0.417,FALSE
668,unit>name>stage>def>order>family,,0.2957,20,0.4751,12.1,0.0651,0.378,FALSE
669,unit>name>stage>family>def>order,,0.2883,19,0.3839,14.95,0.1388,0.5057,FALSE
670,unit>name>stage>family>order>def,,0.2488,16,0.3623,18.38,0.1432,0.5106,FALSE
671,unit>name>stage>order>def>family,,0.2855,20,0.3991,13.85,0.102,0.4074,FALSE
672,unit>name>stage>order>family>def,,0.274,21,0.4273,12.57,0.0954,0.3167,FALSE
673,unit>order>def>family>name>stage,,0.2749,21,0.3926,13.33,0.115,0.4055,FALSE
674,unit>order>def>family>stage>name,,0.2172,17,0.3709,17.06,0.1258,0.4022,FALSE
675,unit>order>def>name>family>stage,,0.2504,21,0.423,12.67,0.0759,0.3835,FALSE
676,unit>order>def>name>stage>family,,0.2329,19,0.4121,14.26,0.0954,0.4424,FALSE
677,unit>order>def>stage>family>name,,0.2097,17,0.3471,17.71,0.1258,0.4386,FALSE
678,unit>order>def>stage>name>family,,0.2801,21,0.3926,13.33,0.1236,0.4124,FALSE
679,unit>order>family>def>name>stage,,0.2229,16,0.3796,17.88,0.115,0.4328,FALSE
680,unit>order>family>def>stage>name,,0.2331,19,0.3818,15,0.1171,0.3666,FALSE
681,unit>order>family>name>def>stage,,0.3381,29,0.3471,10.38,0.0781,0.56,FALSE
682,unit>order>family>name>stage>def,,0.2727,20,0.3471,15.05,0.1258,0.4801,FALSE
683,unit>order>family>stage>def>name,,0.2134,17,0.4425,15.12,0.0976,0.3365,FALSE
684,unit>order>family>stage>name>def,,0.326,23,0.4143,11.74,0.0803,0.4814,FALSE
685,unit>order>name>def>family>stage,,0.3121,26,0.3709,11.15,0.0759,0.5704,FALSE
686,unit>order>name>def>stage>family,,0.3243,27,0.3688,10.78,0.0694,0.5074,FALSE
687,unit>order>name>family>def>stage,,0.3065,23,0.3905,12.22,0.0954,0.4903,FALSE
688,unit>order>name>family>stage>def,,0.2895,19,0.4252,13.95,0.0803,0.4155,FALSE
689,unit>order>name>stage>def>family,,0.3017,22,0.4121,12.32,0.0716,0.4746,FALSE
690,unit>order>name>stage>family>def,,0.2774,19,0.3905,14.79,0.0976,0.4368,FALSE
691,unit>order>stage>def>family>name,,0.2858,22,0.462,11.27,0.0651,0.3423,FALSE
692,unit>order>stage>def>name>family,,0.3082,22,0.5033,10.41,0.0651,0.3466,FALSE
693,unit>order>stage>family>def>name,,0.2153,18,0.3796,15.89,0.1367,0.3766,FALSE
694,unit>order>stage>family>name>def,,0.3196,25,0.4056,10.96,0.0738,0.4698,FALSE
695,unit>order>stage>name>def>family,,0.3031,27,0.3406,11.26,0.0716,0.5169,FALSE
696,unit>order>stage>name>family>def,,0.2913,21,0.3905,13.38,0.0954,0.4443,FALSE
697,unit>stage>def>family>name>order,,0.0777,3,0.0781,141.67,0.8937,-0.0285,TRUE
698,unit>stage>def>family>order>name,,0.09,3,0.0629,144,0.9089,-0.0253,TRUE
699,unit>stage>def>name>family>order,,0.1348,2,0.0846,211,0.9002,-0.0241,TRUE
700,unit>stage>def>name>order>family,,0.2581,20,0.4946,11.65,0.0933,0.3379,FALSE
701,unit>stage>def>order>family>name,,0.1335,2,0.0911,209.5,0.8915,-0.0259,TRUE
702,unit>stage>def>order>name>family,,0.084,3,0.0933,139.33,0.8807,-0.0308,TRUE
703,unit>stage>family>def>name>order,,0.2303,18,0.4512,14.06,0.1106,0.3519,FALSE
704,unit>stage>family>def>order>name,,0.2347,18,0.4208,14.83,0.0846,0.3408,FALSE
705,unit>stage>family>name>def>order,,0.2986,29,0.3406,10.48,0.0759,0.5263,FALSE
706,unit>stage>family>name>order>def,,0.2677,23,0.3384,13.26,0.1106,0.4567,FALSE
707,unit>stage>family>order>def>name,,0.2026,16,0.4013,17.25,0.1041,0.3758,FALSE
708,unit>stage>family>order>name>def,,0.2711,26,0.3167,12.12,0.1193,0.4471,FALSE
709,unit>stage>name>def>family>order,,0.30620000000000003,26,0.3753,11.08,0.141,0.5265,FALSE
710,unit>stage>name>def>order>family,,0.3125,24,0.4338,10.88,0.0651,0.3807,FALSE
711,unit>stage>name>family>def>order,,0.2813,23,0.3861,12.3,0.141,0.4744,FALSE
712,unit>stage>name>family>order>def,,0.272,23,0.3926,12.17,0.0759,0.3947,FALSE
713,unit>stage>name>order>def>family,,0.2763,21,0.3818,13.57,0.1453,0.5226,FALSE
714,unit>stage>name>order>family>def,,0.2645,21,0.3709,13.81,0.0824,0.4009,FALSE
715,unit>stage>order>def>family>name,,0.2304,18,0.3623,16.33,0.0998,0.3942,FALSE
716,unit>stage>order>def>name>family,,0.2448,17,0.4208,15.71,0.1063,0.4052,FALSE
717,unit>stage>order>family>def>name,,0.2496,20,0.436,13,0.102,0.3239,FALSE
718,unit>stage>order>family>name>def,,0.2981,26,0.3601,11.35,0.0759,0.4792,FALSE
719,unit>stage>order>name>def>family,,0.3109,27,0.397,10.3,0.0672,0.4253,FALSE
720,unit>stage>order>name>family>def,,0.2718,21,0.3709,13.81,0.0933,0.415,FALSE
